train_through,test_year,model,MAE,RMSE,Spearman,Kendall
2022,2023,benchmark_oracle,2.352615541103362,3.073844177480651,0.8045199069199143,0.6284764122713689
2022,2023,oracle_position_race,2.3464290817638798,3.0741349169401784,0.8038293804119734,0.6286146179300466
2022,2023,two_stage,2.5308645446658464,3.3093523882059195,0.7633273729800303,0.583559573201088
2023,2024,benchmark_oracle,2.2149258860487,3.0084296834652897,0.8268541004612234,0.6560048688824053
2023,2024,oracle_position_race,2.215748932301309,3.006986276012074,0.825695347243189,0.654365548990559
2023,2024,two_stage,2.6302064255167177,3.4595488504344996,0.7532318441875169,0.5650004619134252
2024,2025,benchmark_oracle,2.5056393311340375,3.291967330810559,0.7711028266614157,0.6055445915566806
2024,2025,oracle_position_race,2.5067400528689454,3.2910341326685155,0.7717670544759444,0.6056819863361897
2024,2025,two_stage,2.986356333629234,3.806703178841325,0.67127993369076,0.499086536567004
2025,2026,benchmark_oracle,2.351914411718345,3.156117972534107,0.8067563433293173,0.6491878672314917
2025,2026,oracle_position_race,2.3619121633431166,3.1620448802343963,0.8065397521329195,0.6497533394997378
2025,2026,two_stage,2.742088433788624,3.5370641078006635,0.7455938526060452,0.5833874578355769
