driverId,driver_name,constructorId,predicted_qualifying_raw,predicted_qualifying_position,predicted_finish,predicted_finish_position
863,Andrea Kimi Antonelli,131,3.878592375923426,1,2.849014672906235,1
830,Max Verstappen,9,4.666812678536245,2,3.8377413536258436,2
1,Lewis Hamilton,6,5.293186508459969,3,4.5782031882015986,3
847,George Russell,131,5.594801265458205,4,5.232486502459779,4
844,Charles Leclerc,6,6.246342433104322,5,6.134548816102207,5
846,Lando Norris,1,6.769957987847856,6,6.437211451705432,6
872,Isack Hadjar,9,7.136513779341211,7,7.253794473912908,7
857,Oscar Piastri,1,8.997619395545186,8,8.330466777731502,8
859,Liam Lawson,215,11.151313277559751,9,9.393187094136284,9
876,Arvid Lindblad,215,11.472620621112052,10,10.090858500685826,10
842,Pierre Gasly,214,13.338271095365549,11,11.224675418845687,11
861,Franco Colapinto,214,13.839242688936768,12,11.850372143858388,12
807,Nico Hülkenberg,216,14.979550857124638,13,12.734579105763615,13
866,Gabriel Bortoleto,216,15.743092737158918,14,13.321188021657168,14
860,Oliver Bearman,210,15.85437849251478,15,13.728732446640304,15
839,Esteban Ocon,210,15.945337537158318,16,14.32435851785053,16
840,Lance Stroll,117,18.11069258294621,17,15.468346587515201,17
832,Carlos Sainz,3,18.125712252960945,18,16.100319543936905,18
4,Fernando Alonso,117,18.23663802656218,19,16.75762981792483,19
848,Alexander Albon,3,18.813571842464818,20,16.955472440187172,20
815,Sergio Pérez,217,20.874312511870944,21,18.33625862254175,21
822,Valtteri Bottas,217,21.636759129835426,22,18.971212048530013,22
