raceId,year,round,driverId,finish_position,predicted_finish,absolute_error
1098,2023,1,1,5.0,5.575616522337745,0.5756165223377447
1098,2023,1,4,3.0,6.37560273198663,3.37560273198663
1098,2023,1,807,15.0,10.53321454662995,4.466785453370051
1098,2023,1,815,2.0,2.9123385246262066,0.9123385246262066
1098,2023,1,822,8.0,11.408217308275944,3.408217308275944
1098,2023,1,825,13.0,13.842167776888271,0.8421677768882709
1098,2023,1,830,1.0,2.2535555162833205,1.2535555162833205
1098,2023,1,832,4.0,3.8688746137754695,0.13112538622453052
1098,2023,1,840,6.0,8.271450294233325,2.2714502942333255
1098,2023,1,842,9.0,12.808421577405666,3.8084215774056656
1098,2023,1,846,17.0,9.132536033999841,7.867463966000159
1098,2023,1,847,7.0,5.409621324333287,1.590378675666713
1098,2023,1,848,10.0,12.787790566773982,2.7877905667739817
1098,2023,1,852,11.0,12.388061817661773,1.3880618176617734
1098,2023,1,855,16.0,11.717089756144823,4.282910243855177
1098,2023,1,856,14.0,13.416160622893763,0.5838393771062371
1098,2023,1,858,12.0,12.361427195252686,0.36142719525268596
1099,2023,2,1,5.0,6.065873953889579,1.0658739538895787
1099,2023,2,4,3.0,5.137756040810493,2.137756040810493
1099,2023,2,807,12.0,11.362282668470213,0.637717331529787
1099,2023,2,815,1.0,2.743759440327886,1.743759440327886
1099,2023,2,822,18.0,11.744938620915187,6.255061379084813
1099,2023,2,825,10.0,12.64022370488594,2.6402237048859405
1099,2023,2,830,2.0,7.253245347350796,5.253245347350796
1099,2023,2,832,6.0,4.254687952747833,1.7453120472521668
1099,2023,2,839,8.0,7.921738548204252,0.07826145179574784
1099,2023,2,842,9.0,9.949474999038186,0.9494749990381859
1099,2023,2,844,7.0,3.369741744999196,3.630258255000804
1099,2023,2,846,17.0,12.880548433667201,4.119451566332799
1099,2023,2,847,4.0,4.983388659020532,0.9833886590205321
1099,2023,2,852,11.0,13.052332117712295,2.052332117712295
1099,2023,2,855,13.0,11.727300387137781,1.272699612862219
1099,2023,2,856,14.0,13.895492588837426,0.10450741116257412
1099,2023,2,857,15.0,8.37763066768223,6.622369332317771
1099,2023,2,858,16.0,15.24703083588431,0.7529691641156901
1100,2023,3,1,2.0,4.123252956215754,2.1232529562157536
1100,2023,3,4,3.0,5.325208678263526,2.325208678263526
1100,2023,3,807,7.0,10.950359188147802,3.950359188147802
1100,2023,3,815,5.0,9.262068416510338,4.262068416510338
1100,2023,3,822,11.0,14.091202970099882,3.091202970099882
1100,2023,3,825,17.0,12.592305473714099,4.407694526285901
1100,2023,3,830,1.0,2.8445963852138316,1.8445963852138316
1100,2023,3,832,12.0,4.612243948059523,7.387756051940477
1100,2023,3,839,14.0,9.345320158572793,4.654679841427207
1100,2023,3,840,4.0,6.992958169030647,2.992958169030647
1100,2023,3,842,13.0,9.74104708690558,3.2589529130944204
1100,2023,3,846,6.0,11.099217408618616,5.099217408618616
1100,2023,3,852,10.0,11.473087778958735,1.4730877789587353
1100,2023,3,855,9.0,13.944858145829098,4.944858145829098
1100,2023,3,856,15.0,12.964737405282072,2.0352625947179277
1100,2023,3,857,8.0,12.985000934650103,4.9850009346501025
1100,2023,3,858,16.0,14.793241700653297,1.2067582993467028
1101,2023,4,1,6.0,5.061911037233025,0.9380889627669751
1101,2023,4,4,4.0,6.230621892100736,2.2306218921007357
1101,2023,4,807,17.0,13.127162851027638,3.872837148972362
1101,2023,4,815,1.0,3.2461399753573357,2.2461399753573357
1101,2023,4,822,18.0,12.259509071334195,5.740490928665805
1101,2023,4,825,13.0,14.303391239580955,1.3033912395809555
1101,2023,4,830,2.0,2.5600037591415505,0.5600037591415505
1101,2023,4,832,5.0,4.666814219125301,0.3331857808746994
1101,2023,4,839,15.0,10.036571329667272,4.963428670332728
1101,2023,4,840,7.0,7.810981989143394,0.8109819891433938
1101,2023,4,842,14.0,13.579481152052432,0.42051884794756766
1101,2023,4,844,3.0,3.5765365770759674,0.5765365770759674
1101,2023,4,846,9.0,8.52238835033957,0.4776116496604299
1101,2023,4,847,8.0,7.537000658229992,0.4629993417700078
1101,2023,4,848,12.0,12.542762329940164,0.5427623299401638
1101,2023,4,852,10.0,10.465483501745506,0.46548350174550635
1101,2023,4,857,11.0,10.071112213853247,0.9288877861467526
1101,2023,4,858,16.0,14.326552089838739,1.6734479101612614
1102,2023,5,1,6.0,7.813993865068004,1.8139938650680039
1102,2023,5,4,3.0,4.476937312014441,1.4769373120144413
1102,2023,5,807,15.0,11.091898341348088,3.908101658651912
1102,2023,5,815,2.0,2.323137676682257,0.3231376766822569
1102,2023,5,822,13.0,11.156629038075955,1.8433709619240446
1102,2023,5,825,10.0,8.98258141522574,1.0174185847742603
1102,2023,5,830,1.0,4.976271948404611,3.9762719484046114
1102,2023,5,832,5.0,4.445097033072943,0.5549029669270569
1102,2023,5,839,9.0,8.407030308281051,0.5929696917189489
1102,2023,5,840,12.0,10.571079993574957,1.4289200064250434
1102,2023,5,842,8.0,8.742233656060883,0.7422336560608827
1102,2023,5,844,7.0,5.821451025935969,1.1785489740640314
1102,2023,5,846,17.0,11.793924249033791,5.206075750966209
1102,2023,5,847,4.0,6.248139215916835,2.2481392159168347
1102,2023,5,848,14.0,12.152282185105392,1.847717814894608
1102,2023,5,852,11.0,13.287290039505834,2.2872900395058338
1102,2023,5,855,16.0,12.623502778287406,3.3764972217125937
1102,2023,5,856,18.0,12.752290253780217,5.247709746219783
1102,2023,5,857,19.0,13.393046173531065,5.606953826468935
1102,2023,5,858,20.0,16.115657433877885,3.8843425661221147
1104,2023,6,1,4.0,5.375535447196963,1.3755354471969632
1104,2023,6,4,2.0,4.15613957499196,2.1561395749919603
1104,2023,6,807,17.0,13.487422733191266,3.5125772668087336
1104,2023,6,815,16.0,9.126855321822946,6.873144678177054
1104,2023,6,822,11.0,13.287582300318727,2.287582300318727
1104,2023,6,830,1.0,2.413127433102627,1.413127433102627
1104,2023,6,832,8.0,5.241695478169642,2.7583045218303583
1104,2023,6,839,3.0,6.8633810905826005,3.8633810905826005
1104,2023,6,842,7.0,9.329825555351286,2.3298255553512863
1104,2023,6,844,6.0,4.445080060282055,1.5549199397179452
1104,2023,6,846,9.0,10.231500097123172,1.2315000971231722
1104,2023,6,847,5.0,6.0242546336348575,1.0242546336348575
1104,2023,6,848,14.0,12.798093108728278,1.2019068912717223
1104,2023,6,852,15.0,10.451486744180677,4.548513255819323
1104,2023,6,855,13.0,14.619192095878937,1.6191920958789368
1104,2023,6,856,12.0,11.467871551810253,0.5321284481897468
1104,2023,6,857,10.0,11.350624785139289,1.3506247851392885
1104,2023,6,858,18.0,14.724719269895132,3.2752807301048676
1105,2023,7,1,2.0,5.11909507153177,3.1190950715317696
1105,2023,7,4,7.0,6.306842961140907,0.6931570388590931
1105,2023,7,807,15.0,10.473214637733077,4.5267853622669225
1105,2023,7,815,4.0,6.542228809261777,2.5422288092617773
1105,2023,7,822,19.0,13.285720180049983,5.714279819950017
1105,2023,7,825,18.0,13.662490203929089,4.337509796070911
1105,2023,7,830,1.0,2.4227204913720204,1.4227204913720204
1105,2023,7,832,5.0,4.9599379776387575,0.040062022361242455
1105,2023,7,839,8.0,7.770016303063482,0.2299836969365181
1105,2023,7,840,6.0,6.456843237199296,0.45684323719929587
1105,2023,7,842,10.0,7.834055133417024,2.1659448665829757
1105,2023,7,844,11.0,10.347623129316183,0.6523768706838169
1105,2023,7,846,17.0,7.560670587008197,9.439329412991803
1105,2023,7,847,3.0,7.3873871617202,4.3873871617202
1105,2023,7,848,16.0,14.889813916794337,1.1101860832056634
1105,2023,7,852,12.0,12.694714537560147,0.6947145375601469
1105,2023,7,855,9.0,12.545449109653543,3.5454491096535428
1105,2023,7,856,14.0,12.417158359538258,1.5828416404617425
1105,2023,7,857,13.0,10.429358229868908,2.5706417701310915
1105,2023,7,858,20.0,16.37231738643888,3.62768261356112
1106,2023,8,1,3.0,4.5542610070992025,1.5542610070992025
1106,2023,8,4,2.0,4.379320787610929,2.3793207876109292
1106,2023,8,807,15.0,8.820485533027195,6.179514466972805
1106,2023,8,815,6.0,6.874069648016672,0.8740696480166719
1106,2023,8,822,10.0,13.189505657696618,3.1895056576966176
1106,2023,8,825,17.0,12.710110680618115,4.289889319381885
1106,2023,8,830,1.0,2.351621543945363,1.3516215439453632
1106,2023,8,832,5.0,7.286985898527748,2.286985898527748
1106,2023,8,839,8.0,7.877437959437126,0.12256204056287423
1106,2023,8,840,9.0,8.933725524620993,0.06627447537900721
1106,2023,8,842,12.0,12.320514159428367,0.3205141594283667
1106,2023,8,844,4.0,7.880171546863117,3.8801715468631173
1106,2023,8,846,13.0,9.514643287405473,3.485356712594527
1106,2023,8,848,7.0,12.073618080974535,5.073618080974535
1106,2023,8,852,14.0,13.23806024148342,0.7619397585165792
1106,2023,8,855,16.0,14.826159495152492,1.173840504847508
1106,2023,8,856,18.0,13.920765600670563,4.079234399329437
1106,2023,8,857,11.0,10.809980636392389,0.19001936360761107
1107,2023,9,1,8.0,5.103380640421668,2.896619359578332
1107,2023,9,4,5.0,4.956500094916105,0.043499905083894674
1107,2023,9,815,3.0,8.226537244380978,5.226537244380978
1107,2023,9,822,15.0,13.040160559424628,1.9598394405753723
1107,2023,9,825,18.0,15.07000514176552,2.9299948582344797
1107,2023,9,830,1.0,2.482400465721919,1.482400465721919
1107,2023,9,832,6.0,4.719660442481321,1.280339557518679
1107,2023,9,839,14.0,9.686145678091096,4.313854321908904
1107,2023,9,840,9.0,6.305732680059805,2.694267319940195
1107,2023,9,842,10.0,9.625568214786576,0.37443178521342446
1107,2023,9,844,2.0,4.063136754852879,2.063136754852879
1107,2023,9,846,4.0,8.669824201187964,4.669824201187964
1107,2023,9,847,7.0,6.933433749218418,0.06656625078158207
1107,2023,9,848,11.0,11.631431802025904,0.6314318020259044
1107,2023,9,852,19.0,13.784874972931823,5.2151250270681775
1107,2023,9,855,12.0,13.665674920487943,1.6656749204879429
1107,2023,9,856,17.0,14.857456162890557,2.142543837109443
1107,2023,9,857,16.0,11.660607037009047,4.339392962990953
1107,2023,9,858,13.0,14.854906595310418,1.8549065953104176
1108,2023,10,1,3.0,5.920041190740177,2.920041190740177
1108,2023,10,4,7.0,5.916859490727967,1.0831405092720328
1108,2023,10,807,13.0,12.407361884178494,0.5926381158215062
1108,2023,10,815,6.0,8.46101990587198,2.4610199058719804
1108,2023,10,822,12.0,13.475944600448429,1.475944600448429
1108,2023,10,830,1.0,2.2795220150729403,1.2795220150729403
1108,2023,10,832,10.0,5.635347920128389,4.364652079871611
1108,2023,10,840,14.0,8.573976196495634,5.426023803504366
1108,2023,10,842,18.0,9.908736687867059,8.091263312132941
1108,2023,10,844,9.0,4.740274677774866,4.259725322225134
1108,2023,10,846,2.0,7.32140248491587,5.32140248491587
1108,2023,10,847,5.0,5.401567920176163,0.40156792017616283
1108,2023,10,848,8.0,10.438441224322197,2.4384412243221973
1108,2023,10,852,16.0,14.140551166626619,1.8594488333733814
1108,2023,10,855,15.0,13.813996911379952,1.1860030886200477
1108,2023,10,856,17.0,15.103468264466997,1.896531735533003
1108,2023,10,857,4.0,7.802363415668478,3.802363415668478
1108,2023,10,858,11.0,13.215034166004934,2.2150341660049335
1109,2023,11,1,4.0,3.4809457412168285,0.5190542587831715
1109,2023,11,4,9.0,5.869665326172639,3.1303346738273614
1109,2023,11,807,14.0,12.260702962478558,1.7392970375214425
1109,2023,11,815,3.0,6.128564863879959,3.1285648638799586
1109,2023,11,817,13.0,12.889040587075312,0.11095941292468758
1109,2023,11,822,12.0,10.008145124927,1.9918548750730007
1109,2023,11,825,17.0,14.944718241501754,2.0552817584982463
1109,2023,11,830,1.0,2.423378766497833,1.4233787664978328
1109,2023,11,832,8.0,8.200362679232814,0.20036267923281414
1109,2023,11,840,10.0,9.579139863235161,0.4208601367648388
1109,2023,11,844,7.0,5.955020792550762,1.044979207449238
1109,2023,11,846,2.0,6.972407728707333,4.972407728707333
1109,2023,11,847,6.0,9.551185517124912,3.551185517124912
1109,2023,11,848,11.0,12.887797883119251,1.8877978831192515
1109,2023,11,852,15.0,14.061684166084039,0.9383158339159614
1109,2023,11,855,16.0,9.071635424290157,6.928364575709843
1109,2023,11,857,5.0,7.4675468405992635,2.4675468405992635
1110,2023,12,1,4.0,4.341230494360337,0.34123049436033703
1110,2023,12,4,5.0,6.7283970827956665,1.7283970827956665
1110,2023,12,807,18.0,15.71475443910246,2.2852455608975397
1110,2023,12,815,2.0,4.145118880671042,2.145118880671042
1110,2023,12,817,16.0,14.7454154796498,1.2545845203501997
1110,2023,12,822,12.0,13.153411345275499,1.153411345275499
1110,2023,12,825,15.0,13.354540139918521,1.6454598600814787
1110,2023,12,830,1.0,1.5525914041553186,0.5525914041553186
1110,2023,12,839,8.0,11.88592367962973,3.8859236796297303
1110,2023,12,840,9.0,8.977432940131154,0.02256705986884633
1110,2023,12,842,11.0,11.287805368601926,0.2878053686019264
1110,2023,12,844,3.0,4.541257102476621,1.5412571024766208
1110,2023,12,846,7.0,7.8524997897630096,0.8524997897630096
1110,2023,12,847,6.0,6.114544360446325,0.11454436044632477
1110,2023,12,848,14.0,12.88201400823489,1.11798599176511
1110,2023,12,852,10.0,12.231494671492655,2.231494671492655
1110,2023,12,855,13.0,13.686159036846185,0.6861590368461847
1110,2023,12,858,17.0,14.591710054563421,2.4082899454365787
1111,2023,13,1,6.0,7.317820424830538,1.317820424830538
1111,2023,13,4,2.0,5.21247245758104,3.2124724575810397
1111,2023,13,807,12.0,14.302524873025543,2.3025248730255434
1111,2023,13,815,4.0,5.566173051489997,1.5661730514899972
1111,2023,13,822,14.0,14.81292061963688,0.8129206196368806
1111,2023,13,825,16.0,15.113435909940595,0.8865640900594052
1111,2023,13,830,1.0,1.5377718455081677,0.5377718455081677
1111,2023,13,832,5.0,6.284094825021773,1.2840948250217732
1111,2023,13,839,10.0,12.488525838732567,2.488525838732567
1111,2023,13,840,11.0,8.929071532919,2.070928467081
1111,2023,13,842,3.0,11.370815094861175,8.370815094861175
1111,2023,13,846,7.0,5.546904109859026,1.4530958901409736
1111,2023,13,847,17.0,4.505716089234969,12.49428391076503
1111,2023,13,848,8.0,8.29546736643944,0.29546736643943916
1111,2023,13,852,15.0,13.327598655520578,1.6724013444794217
1111,2023,13,857,9.0,8.17739555102133,0.8226044489786695
1111,2023,13,859,13.0,14.639700290966907,1.639700290966907
1112,2023,14,1,6.0,5.993996078747495,0.006003921252505151
1112,2023,14,4,9.0,7.1631468171230015,1.8368531828769985
1112,2023,14,807,17.0,13.73658283677867,3.2634171632213302
1112,2023,14,815,2.0,4.889822079878916,2.8898220798789156
1112,2023,14,822,10.0,13.272493659957005,3.2724936599570054
1112,2023,14,825,18.0,15.322101331927655,2.677898668072345
1112,2023,14,830,1.0,1.7706620311792385,0.7706620311792385
1112,2023,14,832,3.0,3.879501661854208,0.8795016618542082
1112,2023,14,840,16.0,12.727991539139976,3.2720084608600235
1112,2023,14,842,15.0,12.781210619917584,2.2187893800824163
1112,2023,14,844,4.0,4.536168595151986,0.5361685951519863
1112,2023,14,846,8.0,8.166697836346762,0.16669783634676172
1112,2023,14,847,5.0,5.379565362419018,0.37956536241901784
1112,2023,14,848,7.0,9.2042983426045,2.204298342604501
1112,2023,14,855,14.0,13.344533849093596,0.6554661509064044
1112,2023,14,857,12.0,7.905754696709985,4.094245303290015
1112,2023,14,858,13.0,13.142004574973585,0.1420045749735852
1112,2023,14,859,11.0,12.546303500650943,1.546303500650943
1113,2023,15,1,3.0,4.801170122699611,1.8011701226996113
1113,2023,15,4,15.0,6.57004816662632,8.42995183337368
1113,2023,15,807,13.0,11.791346838060033,1.2086531619399672
1113,2023,15,815,8.0,7.978678493772438,0.02132150622756157
1113,2023,15,825,10.0,10.73650247024561,0.7365024702456093
1113,2023,15,830,5.0,5.323127533645503,0.3231275336455033
1113,2023,15,832,1.0,3.75019219187426,2.75019219187426
1113,2023,15,842,6.0,10.812654501258553,4.812654501258553
1113,2023,15,844,4.0,4.491558240944371,0.4915582409443706
1113,2023,15,846,2.0,6.40635704007555,4.40635704007555
1113,2023,15,847,16.0,4.252007281682202,11.747992718317798
1113,2023,15,848,11.0,11.986073702174657,0.9860737021746573
1113,2023,15,855,12.0,14.336214075977537,2.336214075977537
1113,2023,15,857,7.0,11.67164773793095,4.67164773793095
1113,2023,15,858,14.0,14.215124381543362,0.21512438154336166
1113,2023,15,859,9.0,11.42217212589911,2.4221721258991096
1114,2023,16,1,5.0,5.849021103803658,0.8490211038036577
1114,2023,16,4,8.0,8.171432983393316,0.17143298339331636
1114,2023,16,807,14.0,15.054672660132507,1.054672660132507
1114,2023,16,825,15.0,14.351615459051434,0.648384540948566
1114,2023,16,830,1.0,1.5318658430195846,0.5318658430195846
1114,2023,16,832,6.0,5.401008809985847,0.5989911900141527
1114,2023,16,839,9.0,10.361071677811845,1.3610716778118448
1114,2023,16,842,10.0,10.632556850377378,0.6325568503773784
1114,2023,16,844,4.0,4.80131824204311,0.8013182420431102
1114,2023,16,846,2.0,5.077145622061944,3.077145622061944
1114,2023,16,847,7.0,7.22379422713287,0.22379422713286967
1114,2023,16,852,12.0,10.948770201002658,1.0512297989973423
1114,2023,16,855,13.0,14.344762469365126,1.3447624693651257
1114,2023,16,857,3.0,5.729038312558547,2.729038312558547
1114,2023,16,859,11.0,11.02924752522282,0.029247525222819704
1115,2023,17,4,6.0,6.046742095027291,0.046742095027290986
1115,2023,17,807,16.0,13.807912850718814,2.1920871492811855
1115,2023,17,815,10.0,7.617676478135019,2.382323521864981
1115,2023,17,822,8.0,10.94935502379148,2.9493550237914796
1115,2023,17,825,14.0,15.700749100214207,1.7007491002142068
1115,2023,17,830,1.0,1.740531971721306,0.7405319717213059
1115,2023,17,839,7.0,8.408019836156862,1.4080198361568623
1115,2023,17,840,11.0,11.987834091973008,0.9878340919730082
1115,2023,17,842,12.0,8.730326590596771,3.2696734094032287
1115,2023,17,844,5.0,5.1782543651380335,0.1782543651380335
1115,2023,17,846,3.0,7.372995054959974,4.372995054959974
1115,2023,17,847,4.0,4.864530873799366,0.8645308737993664
1115,2023,17,848,13.0,11.865625056554741,1.134374943445259
1115,2023,17,852,15.0,11.679752335476174,3.3202476645238264
1115,2023,17,855,9.0,14.702961542627143,5.702961542627143
1115,2023,17,857,2.0,7.092161580062383,5.092161580062383
1115,2023,17,859,17.0,13.45924406427461,3.5407559357253895
1116,2023,18,807,11.0,14.253136414905459,3.253136414905459
1116,2023,18,815,4.0,6.696514915215123,2.696514915215123
1116,2023,18,817,15.0,12.511782044946289,2.4882179550537113
1116,2023,18,822,12.0,11.685941266626532,0.3140587333734679
1116,2023,18,825,14.0,13.869724049629053,0.1302759503709474
1116,2023,18,830,1.0,3.5158357074611724,2.5158357074611724
1116,2023,18,832,3.0,4.548995260838055,1.5489952608380548
1116,2023,18,840,7.0,13.446855993209462,6.4468559932094625
1116,2023,18,842,6.0,8.81236915884552,2.81236915884552
1116,2023,18,846,2.0,4.020831939312834,2.020831939312834
1116,2023,18,847,5.0,6.086258528209784,1.0862585282097843
1116,2023,18,848,9.0,13.425809557747804,4.4258095577478045
1116,2023,18,852,8.0,11.637466711039687,3.6374667110396874
1116,2023,18,855,13.0,11.889495098653573,1.1105049013464274
1116,2023,18,858,10.0,14.26651131092265,4.266511310922651
1117,2023,19,1,2.0,5.261002189634979,3.2610021896349792
1117,2023,19,807,13.0,12.633948547827249,0.36605145217275137
1117,2023,19,817,7.0,8.028675738201576,1.028675738201576
1117,2023,19,822,15.0,10.371774349217967,4.628225650782033
1117,2023,19,830,1.0,2.20513394492899,1.2051339449289902
1117,2023,19,832,4.0,3.730640383668389,0.2693596163316112
1117,2023,19,839,10.0,11.536063694172519,1.536063694172519
1117,2023,19,840,17.0,13.003825547352662,3.996174452647338
1117,2023,19,842,11.0,10.31102628843828,0.6889737115617205
1117,2023,19,844,3.0,3.3186743084861003,0.31867430848610034
1117,2023,19,846,5.0,9.502081821651919,4.5020818216519185
1117,2023,19,847,6.0,7.245263773633985,1.2452637736339849
1117,2023,19,848,9.0,11.973903661208185,2.973903661208185
1117,2023,19,852,12.0,12.582481168570071,0.5824811685700713
1117,2023,19,855,14.0,10.833679429613257,3.166320570386743
1117,2023,19,857,8.0,6.800038241346259,1.1999617586537408
1117,2023,19,858,16.0,14.223980705211286,1.7760192947887141
1118,2023,20,1,8.0,4.636505780933192,3.3634942190668076
1118,2023,20,4,3.0,5.945229911960315,2.9452299119603147
1118,2023,20,807,12.0,12.152641966305673,0.15264196630567284
1118,2023,20,815,4.0,6.560129523978513,2.560129523978513
1118,2023,20,817,13.0,12.774965786645698,0.22503421335430218
1118,2023,20,830,1.0,1.5014450689750944,0.5014450689750944
1118,2023,20,832,6.0,6.015915331674838,0.015915331674838384
1118,2023,20,839,10.0,9.477024158584186,0.5229758414158141
1118,2023,20,840,5.0,8.023376981992724,3.0233769819927243
1118,2023,20,842,7.0,10.837415372937894,3.837415372937894
1118,2023,20,846,2.0,5.198809750144598,3.198809750144598
1118,2023,20,852,9.0,12.928292558883259,3.9282925588832587
1118,2023,20,857,14.0,7.224045037118721,6.775954962881279
1118,2023,20,858,11.0,14.111361271861966,3.1113612718619663
1119,2023,21,1,7.0,6.626326895504372,0.3736731044956283
1119,2023,21,4,9.0,8.142075110531056,0.8579248894689435
1119,2023,21,807,19.0,12.703588673223626,6.296411326776374
1119,2023,21,815,3.0,7.453553865529427,4.453553865529427
1119,2023,21,817,14.0,12.384163365330306,1.6158366346696944
1119,2023,21,822,17.0,10.118334829314104,6.881665170685896
1119,2023,21,825,13.0,11.231843832301195,1.7681561676988053
1119,2023,21,830,1.0,2.0575659194623794,1.0575659194623794
1119,2023,21,832,6.0,3.446748053399495,2.553251946600505
1119,2023,21,839,4.0,11.203389535545295,7.203389535545295
1119,2023,21,840,5.0,11.351270087829961,6.3512700878299615
1119,2023,21,842,11.0,7.493609305334468,3.506390694665532
1119,2023,21,844,2.0,3.0991053221394704,1.0991053221394704
1119,2023,21,847,8.0,6.16325581470133,1.8367441852986701
1119,2023,21,848,12.0,8.572895238730593,3.4271047612694066
1119,2023,21,852,18.0,14.149581985999017,3.850418014000983
1119,2023,21,855,15.0,13.967794054246061,1.0322059457539385
1119,2023,21,857,10.0,11.275962091854868,1.2759620918548684
1119,2023,21,858,16.0,9.72660940589372,6.27339059410628
1120,2023,22,1,9.0,6.906120350093004,2.093879649906996
1120,2023,22,4,7.0,7.107019410873578,0.10701941087357802
1120,2023,22,807,15.0,11.239657725470733,3.7603422745292665
1120,2023,22,815,4.0,6.605854346479309,2.605854346479309
1120,2023,22,817,11.0,12.479848946398274,1.479848946398274
1120,2023,22,822,19.0,14.152056713121034,4.847943286878966
1120,2023,22,825,20.0,14.087115764761787,5.912884235238213
1120,2023,22,830,1.0,1.464047741170985,0.4640477411709849
1120,2023,22,832,18.0,8.701629943202292,9.298370056797708
1120,2023,22,839,12.0,9.298390624444549,2.701609375555451
1120,2023,22,840,10.0,10.841177285963564,0.841177285963564
1120,2023,22,842,13.0,9.30212027210139,3.6978797278986093
1120,2023,22,844,2.0,3.878946704671141,1.878946704671141
1120,2023,22,846,5.0,4.864410169445866,0.13558983055413432
1120,2023,22,847,3.0,6.36350453954644,3.3635045395464402
1120,2023,22,848,14.0,11.955943829249126,2.044056170750874
1120,2023,22,852,8.0,9.32977063982513,1.3297706398251297
1120,2023,22,855,17.0,14.708676493173295,2.2913235068267053
1120,2023,22,857,6.0,5.529860843298064,0.4701391567019364
1120,2023,22,858,16.0,14.797706215265247,1.2022937847347528
1121,2024,1,1,7.0,6.394147931427776,0.605852068572224
1121,2024,1,4,9.0,7.053600034112861,1.9463999658871387
1121,2024,1,807,16.0,11.324565527839603,4.675434472160397
1121,2024,1,815,2.0,4.088426950866243,2.0884269508662427
1121,2024,1,817,13.0,10.60202808477506,2.3979719152249395
1121,2024,1,822,19.0,11.360495255670653,7.639504744329347
1121,2024,1,825,12.0,12.459684062800726,0.4596840628007257
1121,2024,1,830,1.0,1.7142679677817139,0.7142679677817139
1121,2024,1,832,3.0,4.505791631942407,1.5057916319424072
1121,2024,1,839,17.0,11.733308984121733,5.266691015878267
1121,2024,1,840,10.0,9.493514401206369,0.5064855987936312
1121,2024,1,842,18.0,12.64973078827905,5.350269211720949
1121,2024,1,844,4.0,3.545907305969444,0.45409269403055585
1121,2024,1,846,6.0,5.6586306846607926,0.34136931533920745
1121,2024,1,847,5.0,5.501940867925555,0.5019408679255548
1121,2024,1,848,15.0,11.15771105141837,3.842288948581629
1121,2024,1,852,14.0,9.753337662640668,4.246662337359332
1121,2024,1,855,11.0,11.924280161374362,0.9242801613743623
1121,2024,1,857,8.0,6.565135539577245,1.4348644604227552
1121,2024,1,858,20.0,13.15822323951353,6.84177676048647
1122,2024,2,1,9.0,6.53081425319705,2.4691857468029497
1122,2024,2,4,5.0,7.092851379430644,2.092851379430644
1122,2024,2,807,10.0,13.598398887466267,3.598398887466267
1122,2024,2,815,2.0,3.253537356384001,1.253537356384001
1122,2024,2,817,16.0,12.154162133057232,3.8458378669427677
1122,2024,2,822,17.0,11.973726697178824,5.026273302821176
1122,2024,2,825,12.0,12.528568647273223,0.5285686472732234
1122,2024,2,830,1.0,1.548386936007054,0.5483869360070539
1122,2024,2,839,13.0,12.261434798481925,0.7385652015180746
1122,2024,2,844,3.0,3.834971815762901,0.8349718157629011
1122,2024,2,846,8.0,5.695060734528925,2.3049392654710754
1122,2024,2,847,6.0,6.7113448649265255,0.7113448649265255
1122,2024,2,848,11.0,11.80048658594271,0.8004865859427106
1122,2024,2,852,15.0,10.259884860198559,4.740115139801441
1122,2024,2,855,18.0,13.804048232277175,4.195951767722825
1122,2024,2,857,4.0,6.182118008779425,2.182118008779425
1122,2024,2,858,14.0,14.536160224999822,0.5361602249998221
1122,2024,2,860,7.0,8.39528108283777,1.3952810828377693
1123,2024,3,4,8.0,8.475255179355894,0.47525517935589434
1123,2024,3,807,9.0,13.673866869504383,4.6738668695043835
1123,2024,3,815,5.0,3.3003762262247704,1.6996237737752296
1123,2024,3,817,12.0,13.974140076393148,1.974140076393148
1123,2024,3,822,14.0,11.613348583274355,2.3866514167256447
1123,2024,3,825,10.0,12.811652482976644,2.811652482976644
1123,2024,3,832,1.0,4.067615123848665,3.0676151238486646
1123,2024,3,839,16.0,12.066847903641126,3.9331520963588744
1123,2024,3,840,6.0,8.622063782294957,2.6220637822949566
1123,2024,3,842,13.0,12.78284132208228,0.2171586779177197
1123,2024,3,844,2.0,4.598457359578182,2.598457359578182
1123,2024,3,846,3.0,4.900780970079433,1.900780970079433
1123,2024,3,847,17.0,7.038992452924354,9.961007547075646
1123,2024,3,848,11.0,11.775565507028785,0.7755655070287855
1123,2024,3,852,7.0,10.599596775880666,3.5995967758806664
1123,2024,3,855,15.0,13.75307977244884,1.2469202275511595
1123,2024,3,857,4.0,6.03345406736393,2.0334540673639303
1124,2024,4,1,9.0,7.2630261050846086,1.7369738949153914
1124,2024,4,4,6.0,6.49611177364776,0.49611177364776005
1124,2024,4,807,11.0,12.31889258362209,1.3188925836220893
1124,2024,4,815,2.0,2.911835330851228,0.9118353308512281
1124,2024,4,822,14.0,12.322875615721298,1.6771243842787023
1124,2024,4,825,13.0,14.154315339386102,1.1543153393861019
1124,2024,4,830,1.0,1.7471893701067973,0.7471893701067973
1124,2024,4,832,3.0,4.5941502180653595,1.5941502180653595
1124,2024,4,839,15.0,12.50891507103067,2.4910849289693306
1124,2024,4,840,12.0,10.812687430446799,1.1873125695532014
1124,2024,4,842,16.0,13.172204248697673,2.827795751302327
1124,2024,4,844,4.0,5.3087798239048185,1.3087798239048185
1124,2024,4,846,5.0,4.280921544644538,0.7190784553554623
1124,2024,4,847,7.0,7.987801484515351,0.9878014845153507
1124,2024,4,852,10.0,10.536291079185968,0.5362910791859683
1124,2024,4,857,8.0,5.894856532142963,2.1051434678570367
1124,2024,4,858,17.0,14.910375450586015,2.089624549413985
1125,2024,5,1,9.0,11.21543577377393,2.2154357737739296
1125,2024,5,4,7.0,5.489407030768878,1.510592969231122
1125,2024,5,807,10.0,11.201824271336646,1.2018242713366458
1125,2024,5,815,3.0,2.8874930603381728,0.11250693966182723
1125,2024,5,825,16.0,13.367853090178027,2.632146909821973
1125,2024,5,830,1.0,1.575614450687385,0.575614450687385
1125,2024,5,832,5.0,5.610492095389601,0.6104920953896009
1125,2024,5,839,11.0,12.041515788361515,1.0415157883615151
1125,2024,5,840,15.0,9.0294491258126,5.970550874187399
1125,2024,5,842,13.0,12.721092068480079,0.278907931519921
1125,2024,5,844,4.0,4.717669125648861,0.717669125648861
1125,2024,5,846,2.0,4.457679641522181,2.457679641522181
1125,2024,5,847,6.0,7.9949692805914845,1.9949692805914845
1125,2024,5,848,12.0,12.884389527716465,0.8843895277164648
1125,2024,5,855,14.0,13.593258637950559,0.40674136204944134
1125,2024,5,857,8.0,5.730316042895314,2.269683957104686
1125,2024,5,858,17.0,15.207035094477256,1.7929649055227443
1126,2024,6,1,6.0,7.901349194396051,1.901349194396051
1126,2024,6,4,9.0,9.887852516239118,0.8878525162391178
1126,2024,6,807,11.0,11.002908611352082,0.002908611352081536
1126,2024,6,815,4.0,3.2982202157609413,0.7017797842390587
1126,2024,6,817,15.0,13.672465725726322,1.3275342742736775
1126,2024,6,822,16.0,14.888040986589212,1.1119590134107877
1126,2024,6,825,19.0,14.039288970801946,4.960711029198054
1126,2024,6,830,2.0,1.584744217560373,0.415255782439627
1126,2024,6,832,5.0,3.5751180957383824,1.4248819042616176
1126,2024,6,839,10.0,12.122110249055188,2.122110249055188
1126,2024,6,840,17.0,9.518839772487958,7.481160227512042
1126,2024,6,842,12.0,11.67083264541486,0.3291673545851399
1126,2024,6,844,3.0,2.6210258937622726,0.3789741062377274
1126,2024,6,846,1.0,4.737041037294169,3.737041037294169
1126,2024,6,847,8.0,7.255918243810212,0.7440817561897877
1126,2024,6,848,18.0,12.736283281965463,5.263716718034537
1126,2024,6,852,7.0,11.047657001455697,4.047657001455697
1126,2024,6,855,14.0,16.051955568904404,2.051955568904404
1126,2024,6,857,13.0,6.391936184811155,6.608063815188845
1127,2024,7,1,6.0,7.91008305075256,1.9100830507525597
1127,2024,7,4,19.0,11.673173903758169,7.326826096241831
1127,2024,7,807,11.0,11.57623024903441,0.5762302490344098
1127,2024,7,815,8.0,5.88949145866723,2.11050854133277
1127,2024,7,817,13.0,10.120533515895252,2.879466484104748
1127,2024,7,822,18.0,15.044198918406256,2.9558010815937443
1127,2024,7,825,12.0,13.687677458343021,1.6876774583430212
1127,2024,7,830,1.0,1.8717307565803294,0.8717307565803294
1127,2024,7,832,5.0,4.900922437940162,0.09907756205983809
1127,2024,7,839,14.0,11.728543260893495,2.2714567391065046
1127,2024,7,840,9.0,10.577936642476349,1.5779366424763488
1127,2024,7,842,16.0,12.774677878366083,3.2253221216339174
1127,2024,7,844,3.0,3.4537247023858946,0.4537247023858946
1127,2024,7,846,2.0,3.6858836570697537,1.6858836570697537
1127,2024,7,847,7.0,6.779972794888769,0.22002720511123108
1127,2024,7,852,10.0,9.604534839541675,0.39546516045832547
1127,2024,7,855,15.0,14.840867676738576,0.15913232326142435
1127,2024,7,857,4.0,5.08457181145983,1.0845718114598304
1127,2024,7,858,17.0,15.442895710697545,1.5571042893024547
1128,2024,8,1,7.0,7.708685897821816,0.708685897821816
1128,2024,8,4,11.0,11.220261516542076,0.2202615165420756
1128,2024,8,817,12.0,11.634111588988107,0.36588841101189296
1128,2024,8,822,13.0,16.118788217929474,3.118788217929474
1128,2024,8,830,6.0,3.8454877712986413,2.1545122287013587
1128,2024,8,832,3.0,4.1564083211372855,1.1564083211372855
1128,2024,8,840,14.0,11.068416514296908,2.931583485703092
1128,2024,8,842,10.0,11.233577260456352,1.233577260456352
1128,2024,8,844,1.0,2.2220664377478494,1.2220664377478494
1128,2024,8,846,4.0,3.8684390734646623,0.13156092653533769
1128,2024,8,847,5.0,6.4361369780510405,1.4361369780510405
1128,2024,8,848,9.0,11.776680279782408,2.7766802797824077
1128,2024,8,852,8.0,9.864307028872581,1.864307028872581
1128,2024,8,855,16.0,15.987021743577323,0.012978256422677248
1128,2024,8,857,2.0,4.897203687290764,2.897203687290764
1128,2024,8,858,15.0,15.064670127336402,0.06467012733640232
1129,2024,9,1,4.0,6.724755717841647,2.7247557178416466
1129,2024,9,4,6.0,8.048609468222095,2.0486094682220948
1129,2024,9,807,11.0,14.465063967461411,3.465063967461411
1129,2024,9,817,8.0,8.692534749724876,0.6925347497248762
1129,2024,9,822,13.0,15.655365057599717,2.6553650575997167
1129,2024,9,825,12.0,12.825547137924534,0.8255471379245343
1129,2024,9,830,1.0,2.4108656554008574,1.4108656554008574
1129,2024,9,839,10.0,13.89627288544989,3.896272885449889
1129,2024,9,840,7.0,9.294749227760217,2.2947492277602173
1129,2024,9,842,9.0,13.230958312070758,4.230958312070758
1129,2024,9,846,2.0,3.646141135873159,1.646141135873159
1129,2024,9,847,3.0,4.7211270772994185,1.7211270772994185
1129,2024,9,852,14.0,9.438240783568432,4.561759216431568
1129,2024,9,855,15.0,16.24873328624871,1.2487332862487115
1129,2024,9,857,5.0,5.104845959202888,0.10484595920288786
1130,2024,10,1,3.0,5.235404658915895,2.235404658915895
1130,2024,10,4,12.0,9.84763487339801,2.1523651266019908
1130,2024,10,807,11.0,12.165344373092774,1.1653443730927737
1130,2024,10,815,8.0,5.468552946671552,2.5314470533284483
1130,2024,10,817,15.0,13.398175102160096,1.6018248978399043
1130,2024,10,822,16.0,13.597772976853692,2.402227023146308
1130,2024,10,825,17.0,13.284535568254295,3.715464431745705
1130,2024,10,830,1.0,2.1252532719979973,1.1252532719979973
1130,2024,10,832,6.0,5.248137002248729,0.751862997751271
1130,2024,10,839,10.0,10.607084822552892,0.607084822552892
1130,2024,10,840,14.0,11.32630695351687,2.6736930464831303
1130,2024,10,842,9.0,9.836502828944742,0.8365028289447416
1130,2024,10,844,5.0,3.9217911584026064,1.0782088415973936
1130,2024,10,846,2.0,2.9754415579310436,0.9754415579310436
1130,2024,10,847,4.0,5.3860603519405075,1.3860603519405075
1130,2024,10,848,18.0,15.355846996304663,2.6441530036953367
1130,2024,10,852,19.0,12.725051800970139,6.274948199029861
1130,2024,10,855,13.0,14.243803858327201,1.243803858327201
1130,2024,10,857,7.0,6.902436845131069,0.09756315486893108
1130,2024,10,858,20.0,16.6065629475627,3.3934370524372994
1131,2024,11,1,4.0,5.624442715703982,1.6244427157039816
1131,2024,11,4,18.0,11.465987511135225,6.534012488864775
1131,2024,11,807,6.0,10.597978767715318,4.597978767715318
1131,2024,11,815,7.0,5.59669826438682,1.40330173561318
1131,2024,11,817,9.0,11.369113386980727,2.369113386980727
1131,2024,11,822,16.0,15.512893543644422,0.48710645635557803
1131,2024,11,825,8.0,11.867460942427538,3.867460942427538
1131,2024,11,830,5.0,1.8315623115217052,3.1684376884782948
1131,2024,11,832,3.0,4.65849489021933,1.6584948902193304
1131,2024,11,839,12.0,11.046436986001549,0.9535630139984512
1131,2024,11,840,13.0,12.731275509115505,0.26872449088449457
1131,2024,11,842,10.0,11.852134795088663,1.8521347950886629
1131,2024,11,844,11.0,4.441188590245505,6.558811409754495
1131,2024,11,846,20.0,3.1020125967372234,16.897987403262775
1131,2024,11,847,1.0,5.0438211378059,4.0438211378059
1131,2024,11,848,15.0,14.471319343830778,0.5286806561692217
1131,2024,11,852,14.0,11.987680384813837,2.012319615186163
1131,2024,11,855,17.0,15.902442218528954,1.0975577814710462
1131,2024,11,857,2.0,5.934861797132684,3.934861797132684
1131,2024,11,858,19.0,16.402020108342867,2.5979798916571326
1132,2024,12,1,1.0,4.261469518594811,3.2614695185948106
1132,2024,12,4,8.0,9.511973467085522,1.5119734670855216
1132,2024,12,807,6.0,8.782286967274874,2.7822869672748745
1132,2024,12,815,17.0,9.73201710227417,7.26798289772583
1132,2024,12,817,13.0,12.691030251829616,0.3089697481703837
1132,2024,12,822,15.0,14.645641660927406,0.3543583390725935
1132,2024,12,825,12.0,13.057518499518196,1.0575184995181957
1132,2024,12,830,2.0,3.491840645928791,1.4918406459287912
1132,2024,12,832,5.0,5.472806311679237,0.47280631167923737
1132,2024,12,839,16.0,13.792626234789127,2.207373765210873
1132,2024,12,840,7.0,9.873956661053494,2.8739566610534943
1132,2024,12,844,14.0,6.552996515723665,7.447003484276335
1132,2024,12,846,3.0,3.6552168314060784,0.6552168314060784
1132,2024,12,848,9.0,12.007437615374602,3.0074376153746023
1132,2024,12,852,10.0,11.480080976155712,1.4800809761557119
1132,2024,12,855,18.0,13.952463144322587,4.0475368556774125
1132,2024,12,857,4.0,5.406066334566852,1.4060663345668516
1132,2024,12,858,11.0,13.744044593860696,2.7440445938606963
1133,2024,13,1,3.0,5.3047103479163376,2.3047103479163376
1133,2024,13,4,11.0,8.451096441827659,2.5489035581723414
1133,2024,13,807,13.0,10.226189162054231,2.773810837945769
1133,2024,13,815,7.0,9.075672073787365,2.0756720737873646
1133,2024,13,817,12.0,10.466009416594817,1.533990583405183
1133,2024,13,822,16.0,13.439864253850427,2.560135746149573
1133,2024,13,825,15.0,12.37668472822028,2.6233152717797203
1133,2024,13,830,5.0,3.2188062725235786,1.7811937274764214
1133,2024,13,832,6.0,4.64335779084728,1.35664220915272
1133,2024,13,839,18.0,14.274016703633439,3.725983296366561
1133,2024,13,840,10.0,9.309460142316217,0.6905398576837829
1133,2024,13,844,4.0,5.145078655736268,1.1450786557362678
1133,2024,13,846,2.0,2.6386767643159894,0.6386767643159894
1133,2024,13,847,8.0,9.582311179145831,1.5823111791458313
1133,2024,13,848,14.0,13.03654133966192,0.9634586603380804
1133,2024,13,852,9.0,10.15919647104262,1.1591964710426197
1133,2024,13,855,19.0,15.115697062930286,3.884302937069714
1133,2024,13,857,1.0,4.226580102303236,3.2265801023032363
1133,2024,13,858,17.0,13.952374235521019,3.0476257644789815
1134,2024,14,1,1.0,4.551785558168795,3.5517855581687954
1134,2024,14,4,8.0,9.399501858556327,1.3995018585563272
1134,2024,14,807,18.0,12.326211743262142,5.673788256737858
1134,2024,14,815,7.0,4.6051698887120285,2.3948301112879715
1134,2024,14,817,10.0,11.924439335338427,1.9244393353384268
1134,2024,14,822,15.0,14.160253267410553,0.8397467325894468
1134,2024,14,825,14.0,13.60454070186781,0.39545929813218983
1134,2024,14,830,4.0,2.2950986798896897,1.7049013201103103
1134,2024,14,832,6.0,6.298982127353693,0.29898212735369256
1134,2024,14,839,9.0,11.410490414915097,2.410490414915097
1134,2024,14,840,11.0,11.805575540757618,0.8055755407576175
1134,2024,14,842,13.0,11.891200560566823,1.1087994394331773
1134,2024,14,844,3.0,4.1467243775101625,1.1467243775101625
1134,2024,14,846,5.0,4.157295940401687,0.8427040595983133
1134,2024,14,848,12.0,12.4837505406568,0.4837505406567999
1134,2024,14,852,16.0,13.065363851347017,2.9346361486529826
1134,2024,14,857,2.0,5.540988218846129,3.5409882188461292
1134,2024,14,858,17.0,15.962264662919118,1.037735337080882
1135,2024,15,1,8.0,6.541597293357758,1.458402706642242
1135,2024,15,4,10.0,8.530126426460443,1.469873573539557
1135,2024,15,807,11.0,11.489465231468264,0.48946523146826415
1135,2024,15,815,6.0,5.8579443309484684,0.14205566905153155
1135,2024,15,817,12.0,12.540072019481972,0.5400720194819719
1135,2024,15,822,19.0,15.21983180362271,3.7801681963772893
1135,2024,15,825,18.0,12.67809399379812,5.32190600620188
1135,2024,15,830,2.0,3.059178895158194,1.059178895158194
1135,2024,15,832,5.0,7.145167839718384,2.1451678397183844
1135,2024,15,839,15.0,13.095976050938956,1.9040239490610436
1135,2024,15,840,13.0,9.444900339888196,3.5550996601118037
1135,2024,15,842,9.0,10.944652457038186,1.9446524570381865
1135,2024,15,844,3.0,5.510460842001605,2.5104608420016046
1135,2024,15,846,1.0,2.4962822841322474,1.4962822841322474
1135,2024,15,847,7.0,4.671381725122567,2.3286182748774333
1135,2024,15,848,14.0,15.424003328300497,1.424003328300497
1135,2024,15,852,17.0,11.151143889614236,5.848856110385764
1135,2024,15,855,20.0,15.466288816796967,4.5337111832030335
1135,2024,15,857,4.0,4.121358372326568,0.12135837232656765
1135,2024,15,858,16.0,16.253967157859194,0.25396715785919355
1136,2024,16,1,5.0,4.760493207948674,0.2395067920513263
1136,2024,16,4,11.0,10.271754101790622,0.7282458982093782
1136,2024,16,807,17.0,10.454990724807882,6.545009275192118
1136,2024,16,815,8.0,7.231312105354365,0.7686878946456348
1136,2024,16,817,13.0,11.543068942744034,1.4569310572559662
1136,2024,16,822,16.0,16.396053654944076,0.3960536549440761
1136,2024,16,825,10.0,12.289241017237055,2.289241017237055
1136,2024,16,830,6.0,4.92537897895823,1.0746210210417697
1136,2024,16,832,4.0,5.214198803520983,1.2141988035209828
1136,2024,16,839,14.0,13.050880158512946,0.9491198414870539
1136,2024,16,840,19.0,12.574175669308914,6.425824330691086
1136,2024,16,842,15.0,12.566263252876038,2.4337367471239624
1136,2024,16,844,1.0,4.471362391113001,3.4713623911130007
1136,2024,16,846,3.0,2.322317741891526,0.677682258108474
1136,2024,16,847,7.0,4.199940360650936,2.8000596393490644
1136,2024,16,848,9.0,11.913662611415841,2.913662611415841
1136,2024,16,855,18.0,16.28961579814353,1.7103842018564706
1136,2024,16,857,2.0,3.648036352040233,1.6480363520402328
1136,2024,16,861,12.0,14.022479231032488,2.022479231032488
1137,2024,17,1,9.0,5.3053185674573236,3.6946814325426764
1137,2024,17,4,6.0,9.463861969984688,3.4638619699846878
1137,2024,17,807,11.0,11.559834486008581,0.5598344860085813
1137,2024,17,815,17.0,6.023040825666541,10.976959174333459
1137,2024,17,817,13.0,12.484318875626709,0.515681124373291
1137,2024,17,822,16.0,15.687367055706943,0.3126329442930569
1137,2024,17,830,5.0,4.662533526488831,0.337466473511169
1137,2024,17,832,18.0,4.2575722294082095,13.74242777059179
1137,2024,17,839,15.0,14.950005586020666,0.04999441397933424
1137,2024,17,840,19.0,11.174800771691078,7.825199228308922
1137,2024,17,842,12.0,14.729663271065514,2.7296632710655135
1137,2024,17,844,2.0,3.1872350578703648,1.1872350578703648
1137,2024,17,846,4.0,7.6974960461947814,3.6974960461947814
1137,2024,17,847,3.0,4.8389375544647795,1.8389375544647795
1137,2024,17,848,7.0,11.288464266420398,4.288464266420398
1137,2024,17,855,14.0,15.644716117630846,1.6447161176308462
1137,2024,17,857,1.0,3.220519066183435,2.220519066183435
1137,2024,17,860,10.0,10.844358036471512,0.8443580364715118
1137,2024,17,861,8.0,11.160684680712606,3.160684680712606
1138,2024,18,1,6.0,4.160166720128821,1.8398332798711792
1138,2024,18,4,8.0,9.028046205175926,1.0280462051759258
1138,2024,18,807,9.0,9.184629208787948,0.18462920878794797
1138,2024,18,815,10.0,9.558069249576937,0.4419307504230634
1138,2024,18,817,18.0,12.941434562099493,5.058565437900507
1138,2024,18,822,16.0,16.22440809474886,0.2244080947488598
1138,2024,18,825,19.0,12.503423689178883,6.496576310821117
1138,2024,18,830,2.0,3.6414469909095306,1.6414469909095306
1138,2024,18,832,7.0,7.193412488106485,0.19341248810648537
1138,2024,18,839,13.0,13.399703569103263,0.3997035691032629
1138,2024,18,840,14.0,12.52637549426807,1.4736245057319302
1138,2024,18,842,17.0,13.750248981346623,3.2497510186533773
1138,2024,18,844,5.0,6.501363117493327,1.5013631174933266
1138,2024,18,846,1.0,2.517672634681814,1.517672634681814
1138,2024,18,847,4.0,4.400864267154901,0.4008642671549012
1138,2024,18,852,12.0,9.990476504500627,2.009523495499373
1138,2024,18,855,15.0,16.481248633920437,1.481248633920437
1138,2024,18,857,3.0,3.6361233801305595,0.6361233801305595
1138,2024,18,861,11.0,11.528161402531248,0.5281614025312482
1139,2024,19,4,13.0,9.283389319696468,3.716610680303532
1139,2024,19,807,8.0,10.957879084559385,2.9578790845593854
1139,2024,19,815,7.0,8.597978318527119,1.5979783185271188
1139,2024,19,822,17.0,15.826494333809045,1.1735056661909553
1139,2024,19,825,11.0,10.64757284808004,0.35242715191995977
1139,2024,19,830,3.0,3.248925826502126,0.24892582650212614
1139,2024,19,832,2.0,4.783922634696549,2.783922634696549
1139,2024,19,839,18.0,12.39118112860133,5.60881887139867
1139,2024,19,840,15.0,11.384636373849965,3.6153636261500353
1139,2024,19,842,12.0,9.658633991526107,2.3413660084738925
1139,2024,19,844,1.0,4.671619219795152,3.6716192197951516
1139,2024,19,846,4.0,2.3924773457574844,1.6075226542425156
1139,2024,19,847,6.0,5.666775690306164,0.3332243096938363
1139,2024,19,848,16.0,13.078070357690198,2.9219296423098022
1139,2024,19,852,14.0,11.292714357063032,2.7072856429369683
1139,2024,19,855,19.0,16.45916262169318,2.5408373783068186
1139,2024,19,857,5.0,3.752542972164738,1.247457027835262
1139,2024,19,859,9.0,13.224820602714626,4.224820602714626
1139,2024,19,861,10.0,13.333440743687067,3.333440743687067
1140,2024,20,1,4.0,5.42479662370134,1.42479662370134
1140,2024,20,807,9.0,10.107468746102562,1.1074687461025619
1140,2024,20,815,17.0,11.351030610793533,5.648969389206467
1140,2024,20,822,14.0,15.073087306017733,1.073087306017733
1140,2024,20,825,7.0,9.717612997119009,2.7176129971190086
1140,2024,20,830,6.0,3.385757789077674,2.614242210922326
1140,2024,20,832,1.0,3.7875125592765597,2.7875125592765597
1140,2024,20,839,13.0,14.743108800882045,1.7431088008820446
1140,2024,20,840,11.0,11.994877124490577,0.9948771244905767
1140,2024,20,842,10.0,10.643893244487401,0.6438932444874013
1140,2024,20,844,3.0,4.27565650036869,1.2756565003686902
1140,2024,20,846,2.0,3.6269498581536235,1.6269498581536235
1140,2024,20,847,5.0,5.2422528896555285,0.2422528896555285
1140,2024,20,855,15.0,16.60182062877173,1.6018206287717298
1140,2024,20,857,8.0,8.02802160125546,0.028021601255460382
1140,2024,20,859,16.0,12.052683283343736,3.947316716656264
1140,2024,20,861,12.0,12.331004529391748,0.3310045293917483
1141,2024,21,1,10.0,8.845923573861043,1.154076426138957
1141,2024,21,4,14.0,10.281791485613342,3.7182085143866583
1141,2024,21,815,11.0,10.359111279759908,0.6408887202400919
1141,2024,21,822,13.0,13.424721710006615,0.4247217100066152
1141,2024,21,830,1.0,7.296346827815061,6.296346827815061
1141,2024,21,839,2.0,9.909504978797795,7.909504978797795
1141,2024,21,842,3.0,12.493157925675462,9.493157925675462
1141,2024,21,844,5.0,5.299843635307084,0.29984363530708436
1141,2024,21,846,6.0,2.689312855042483,3.310687144957517
1141,2024,21,847,4.0,4.420810246555964,0.42081024655596444
1141,2024,21,852,7.0,8.355650443900743,1.3556504439007426
1141,2024,21,855,15.0,16.446132887214556,1.4461328872145565
1141,2024,21,857,8.0,5.030834220832731,2.9691657791672688
1141,2024,21,859,9.0,9.60413398222928,0.6041339822292802
1141,2024,21,860,12.0,12.434845807778075,0.4348458077780748
1142,2024,22,1,2.0,8.482846429169685,6.482846429169685
1142,2024,22,4,11.0,12.628439848220165,1.6284398482201645
1142,2024,22,807,8.0,9.880958054812819,1.8809580548128189
1142,2024,22,815,10.0,11.303814073103156,1.3038140731031564
1142,2024,22,822,18.0,15.842593379127345,2.1574066208726546
1142,2024,22,825,12.0,11.095108934999582,0.9048910650004185
1142,2024,22,830,5.0,4.661250786266389,0.3387492137336112
1142,2024,22,832,3.0,3.8480076822677294,0.8480076822677294
1142,2024,22,839,17.0,10.87259892200328,6.127401077996719
1142,2024,22,840,15.0,14.232031650242327,0.7679683497576733
1142,2024,22,844,4.0,3.991767747766011,0.008232252233988824
1142,2024,22,846,6.0,4.141593348348492,1.8584066516515083
1142,2024,22,847,1.0,3.9994325859984023,2.9994325859984023
1142,2024,22,852,9.0,9.789584251032293,0.7895842510322932
1142,2024,22,855,13.0,14.069814472114881,1.0698144721148815
1142,2024,22,857,7.0,5.436302117574777,1.563697882425223
1142,2024,22,859,16.0,12.785045763527057,3.214954236472943
1142,2024,22,861,14.0,12.020525996213998,1.9794740037860024
1143,2024,23,1,12.0,5.380121388518726,6.619878611481274
1143,2024,23,4,7.0,9.236185287612654,2.2361852876126544
1143,2024,23,822,11.0,13.730248413764942,2.730248413764942
1143,2024,23,825,9.0,10.776271485179084,1.776271485179084
1143,2024,23,830,1.0,2.901360672613924,1.901360672613924
1143,2024,23,832,6.0,5.8035745780469785,0.19642542195302148
1143,2024,23,842,5.0,10.950564332806955,5.950564332806955
1143,2024,23,844,2.0,3.8289554379757167,1.8289554379757167
1143,2024,23,846,10.0,3.1679403599945664,6.832059640005434
1143,2024,23,847,4.0,3.9158007564419535,0.08419924355804653
1143,2024,23,848,15.0,12.228229633799716,2.7717703662002844
1143,2024,23,852,13.0,12.275002727115211,0.7249972728847887
1143,2024,23,855,8.0,13.422684964229376,5.422684964229376
1143,2024,23,857,3.0,4.097208026674052,1.0972080266740516
1143,2024,23,859,14.0,13.734785915948049,0.26521408405195146
1144,2024,24,1,4.0,10.171125773601375,6.171125773601375
1144,2024,24,4,9.0,8.916414095638704,0.08358590436129631
1144,2024,24,807,8.0,7.98927739174604,0.01072260825396043
1144,2024,24,825,16.0,11.951022118067833,4.048977881932167
1144,2024,24,830,6.0,3.9972615817883135,2.0027384182116865
1144,2024,24,832,2.0,4.725505681531864,2.725505681531864
1144,2024,24,840,14.0,12.016067152880378,1.9839328471196218
1144,2024,24,842,7.0,8.950704962429484,1.9507049624294837
1144,2024,24,844,3.0,6.774381368829146,3.774381368829146
1144,2024,24,846,1.0,2.8296782603221393,1.8296782603221393
1144,2024,24,847,5.0,6.063005864335941,1.063005864335941
1144,2024,24,848,11.0,12.887386661649742,1.8873866616497423
1144,2024,24,852,12.0,11.145421837670897,0.8545781623291031
1144,2024,24,855,13.0,14.443463197448537,1.443463197448537
1144,2024,24,857,10.0,3.5003180356607757,6.499681964339224
1144,2024,24,859,17.0,11.902020442419044,5.097979557580956
1144,2024,24,862,15.0,13.217838384830483,1.7821616151695174
1145,2025,1,1,10.0,5.864081774858342,4.135918225141658
1145,2025,1,807,7.0,12.929158891337543,5.9291588913375435
1145,2025,1,830,2.0,4.6294341910940355,2.6294341910940355
1145,2025,1,839,13.0,13.697635939966624,0.6976359399666237
1145,2025,1,840,6.0,12.328918497610783,6.328918497610783
1145,2025,1,842,11.0,9.39800948553029,1.6019905144697102
1145,2025,1,844,8.0,4.751223937934203,3.2487760620657973
1145,2025,1,846,1.0,3.082246514969583,2.082246514969583
1145,2025,1,847,3.0,4.8196820844635315,1.8196820844635315
1145,2025,1,848,5.0,9.095243132664416,4.095243132664416
1145,2025,1,852,12.0,8.732775818984221,3.267224181015779
1145,2025,1,857,9.0,3.5379112385172427,5.462088761482757
1145,2025,1,860,14.0,13.399101380416806,0.6008986195831945
1145,2025,1,863,4.0,9.67808639117121,5.67808639117121
1146,2025,2,807,15.0,11.039634309305189,3.960365690694811
1146,2025,2,830,4.0,4.802693018796153,0.8026930187961527
1146,2025,2,832,10.0,11.583177107617344,1.5831771076173435
1146,2025,2,839,5.0,11.757929402213986,6.7579294022139855
1146,2025,2,840,9.0,12.478516308205743,3.4785163082057426
1146,2025,2,846,2.0,3.5824930389561978,1.5824930389561978
1146,2025,2,847,3.0,3.6512607303361815,0.6512607303361815
1146,2025,2,848,7.0,10.359649275131462,3.3596492751314617
1146,2025,2,852,16.0,10.0672606364408,5.9327393635592
1146,2025,2,857,1.0,3.611911858185084,2.611911858185084
1146,2025,2,859,12.0,12.468282547170519,0.468282547170519
1146,2025,2,860,8.0,13.024626537672006,5.024626537672006
1146,2025,2,862,13.0,13.219119589559185,0.21911958955918465
1146,2025,2,863,6.0,5.714726996398403,0.28527300360159735
1146,2025,2,866,14.0,12.019701521677728,1.980298478322272
1146,2025,2,872,11.0,7.769216670825957,3.2307833291740433
1147,2025,3,1,7.0,6.944722500881305,0.05527749911869506
1147,2025,3,4,11.0,11.279673541886467,0.2796735418864671
1147,2025,3,807,16.0,12.347977240508268,3.6520227594917323
1147,2025,3,830,1.0,3.5533264119640453,2.5533264119640453
1147,2025,3,832,14.0,10.424425775167304,3.575574224832696
1147,2025,3,839,18.0,13.453342726029007,4.546657273970993
1147,2025,3,840,20.0,14.390089489704636,5.609910510295364
1147,2025,3,842,13.0,11.326169404089153,1.6738305959108466
1147,2025,3,844,4.0,4.797667991639888,0.7976679916398881
1147,2025,3,846,2.0,3.0168192567508285,1.0168192567508285
1147,2025,3,847,5.0,4.544385491673804,0.455614508326196
1147,2025,3,848,9.0,9.50099988311702,0.5009998831170197
1147,2025,3,852,12.0,10.512392420018312,1.4876075799816881
1147,2025,3,857,3.0,4.003210385641215,1.0032103856412151
1147,2025,3,859,17.0,12.687760544927372,4.312239455072628
1147,2025,3,860,10.0,10.115290117477569,0.1152901174775689
1147,2025,3,862,15.0,14.220567949614184,0.7794320503858163
1147,2025,3,863,6.0,5.192832966878783,0.8071670331212166
1147,2025,3,866,19.0,13.227247515077236,5.772752484922764
1147,2025,3,872,8.0,9.276348232981658,1.2763482329816576
1148,2025,4,1,5.0,7.185556775351982,2.185556775351982
1148,2025,4,4,15.0,11.678300514921386,3.3216994850786143
1148,2025,4,830,6.0,5.516515790938856,0.4834842090611442
1148,2025,4,839,8.0,12.350476337608951,4.350476337608951
1148,2025,4,840,17.0,14.238753078611039,2.7612469213889614
1148,2025,4,842,7.0,8.76851849571401,1.7685184957140105
1148,2025,4,844,4.0,4.576124430460093,0.5761244304600934
1148,2025,4,846,3.0,4.457021570027393,1.4570215700273934
1148,2025,4,847,2.0,3.79659044413786,1.79659044413786
1148,2025,4,848,12.0,11.934027808046807,0.06597219195319326
1148,2025,4,852,9.0,9.070431801146595,0.07043180114659542
1148,2025,4,857,1.0,3.189843673107692,2.189843673107692
1148,2025,4,859,16.0,14.003352304193385,1.9966476958066153
1148,2025,4,860,10.0,13.853094941240649,3.8530949412406486
1148,2025,4,862,14.0,11.102308661215085,2.897691338784915
1148,2025,4,863,11.0,4.621174152741754,6.378825847258246
1148,2025,4,866,18.0,14.519849458729578,3.4801505412704223
1148,2025,4,872,13.0,10.984322583153425,2.015677416846575
1149,2025,5,1,7.0,6.452998378792797,0.5470016212072029
1149,2025,5,4,11.0,11.9871024338767,0.9871024338767
1149,2025,5,807,15.0,13.87737072451402,1.1226292754859806
1149,2025,5,830,2.0,3.4556780547067767,1.4556780547067767
1149,2025,5,832,8.0,7.508589011762045,0.4914109882379547
1149,2025,5,839,14.0,13.89060171695986,0.10939828304013943
1149,2025,5,840,16.0,13.408960316865281,2.591039683134719
1149,2025,5,844,3.0,4.591687056195501,1.591687056195501
1149,2025,5,846,4.0,5.8596452848160245,1.8596452848160245
1149,2025,5,847,5.0,3.7394255918904014,1.2605744081095986
1149,2025,5,848,9.0,10.476959738842137,1.4769597388421367
1149,2025,5,857,1.0,3.3292298291621503,2.3292298291621503
1149,2025,5,859,12.0,12.183662635686048,0.1836626356860478
1149,2025,5,860,13.0,12.04328314191166,0.9567168580883401
1149,2025,5,862,17.0,13.807766274820679,3.192233725179321
1149,2025,5,863,6.0,5.3443761704550035,0.6556238295449965
1149,2025,5,866,18.0,16.08741600508074,1.9125839949192596
1149,2025,5,872,10.0,12.034559517945963,2.0345595179459632
1150,2025,6,1,8.0,8.641142040538604,0.6411420405386039
1150,2025,6,4,15.0,13.45706195113824,1.5429380488617603
1150,2025,6,807,14.0,13.065156929992886,0.9348430700071138
1150,2025,6,830,4.0,3.365283595149549,0.634716404850451
1150,2025,6,832,9.0,7.117292081018572,1.8827079189814278
1150,2025,6,839,12.0,10.42526242574553,1.5747375742544705
1150,2025,6,840,16.0,14.853886658380713,1.1461133416192872
1150,2025,6,842,13.0,12.920254548798821,0.0797454512011786
1150,2025,6,844,7.0,6.373202244630836,0.6267977553691644
1150,2025,6,846,2.0,2.744280670257363,0.7442806702573632
1150,2025,6,847,3.0,4.373135750318474,1.3731357503184736
1150,2025,6,848,5.0,8.673428230079518,3.6734282300795176
1150,2025,6,852,10.0,8.749795626660383,1.250204373339617
1150,2025,6,857,1.0,3.7542323997401663,2.7542323997401663
1150,2025,6,863,6.0,4.569823491645608,1.4301765083543918
1150,2025,6,872,11.0,10.890472763864585,0.10952723613541515
1151,2025,7,1,4.0,8.972099692100333,4.972099692100333
1151,2025,7,4,11.0,9.218857103077704,1.7811428969222955
1151,2025,7,807,12.0,13.76832297357836,1.7683229735783605
1151,2025,7,830,1.0,4.139796692000675,3.139796692000675
1151,2025,7,832,8.0,7.388624233077221,0.6113757669227793
1151,2025,7,840,15.0,10.586985322526498,4.413014677473502
1151,2025,7,842,13.0,10.31758524099519,2.6824147590048106
1151,2025,7,844,6.0,7.682371212635558,1.6823712126355579
1151,2025,7,846,2.0,3.2680062437947566,1.2680062437947566
1151,2025,7,847,7.0,3.8062911686102217,3.1937088313897783
1151,2025,7,848,5.0,8.43919567553247,3.4391956755324706
1151,2025,7,852,10.0,12.92410792967077,2.92410792967077
1151,2025,7,857,3.0,2.1866800503587847,0.8133199496412153
1151,2025,7,859,14.0,13.32361870264208,0.6763812973579206
1151,2025,7,860,17.0,12.601763137649723,4.398236862350277
1151,2025,7,861,16.0,12.612318679667641,3.3876813203323586
1151,2025,7,866,18.0,14.359529165262892,3.6404708347371084
1151,2025,7,872,9.0,10.261102414785054,1.2611024147850536
1152,2025,8,1,5.0,5.338812531475918,0.3388125314759183
1152,2025,8,807,16.0,12.862038278079838,3.1379617219201617
1152,2025,8,830,4.0,4.964667313479032,0.9646673134790316
1152,2025,8,832,10.0,9.456652397240852,0.5433476027591482
1152,2025,8,839,7.0,9.90958194615651,2.9095819461565107
1152,2025,8,840,15.0,14.84989004977343,0.15010995022656992
1152,2025,8,844,2.0,3.7430000903200513,1.7430000903200513
1152,2025,8,846,1.0,2.202461106928687,1.2024611069286868
1152,2025,8,847,11.0,8.472270796148413,2.527729203851587
1152,2025,8,848,9.0,9.372935072217162,0.37293507221716204
1152,2025,8,852,17.0,10.50297685044151,6.4970231495584905
1152,2025,8,857,3.0,2.8478961431945864,0.1521038568054136
1152,2025,8,859,8.0,10.575518317660487,2.575518317660487
1152,2025,8,860,12.0,13.1820272721636,1.1820272721635998
1152,2025,8,861,13.0,14.844969277412623,1.8449692774126234
1152,2025,8,863,18.0,9.295754237353606,8.704245762646394
1152,2025,8,866,14.0,14.91635791746083,0.9163579174608305
1152,2025,8,872,6.0,8.616021718605317,2.6160217186053174
1153,2025,9,1,6.0,5.914235374918968,0.08576462508103244
1153,2025,9,4,9.0,11.148501072240823,2.1485010722408227
1153,2025,9,807,5.0,13.968704260818527,8.968704260818527
1153,2025,9,830,10.0,4.567323451645839,5.432676548354161
1153,2025,9,832,14.0,12.349291089768556,1.6507089102314438
1153,2025,9,839,16.0,13.453711523237924,2.5462884767620757
1153,2025,9,842,8.0,10.420668847932948,2.420668847932948
1153,2025,9,844,3.0,5.609861374106444,2.609861374106444
1153,2025,9,846,2.0,2.2801236690330136,0.28012366903301356
1153,2025,9,847,4.0,5.232900342505051,1.2329003425050509
1153,2025,9,852,13.0,13.651902279837639,0.651902279837639
1153,2025,9,857,1.0,2.0980834216185666,1.0980834216185666
1153,2025,9,859,11.0,11.800147791544255,0.800147791544255
1153,2025,9,860,17.0,12.677526578364274,4.322473421635726
1153,2025,9,861,15.0,14.193648422157555,0.8063515778424453
1153,2025,9,866,12.0,13.475564163456578,1.4755641634565784
1153,2025,9,872,7.0,9.308172220802264,2.3081722208022644
1154,2025,10,1,6.0,5.5401230146046725,0.4598769853953275
1154,2025,10,4,7.0,9.577630185628214,2.577630185628214
1154,2025,10,807,8.0,12.53924600943647,4.53924600943647
1154,2025,10,830,2.0,4.2158869380555055,2.2158869380555055
1154,2025,10,832,10.0,12.096989902804342,2.096989902804342
1154,2025,10,839,9.0,12.654447530768312,3.654447530768312
1154,2025,10,840,17.0,14.25171196595426,2.748288034045739
1154,2025,10,842,15.0,14.559594778137015,0.44040522186298503
1154,2025,10,844,5.0,5.827508024908739,0.827508024908739
1154,2025,10,846,18.0,3.924413186935336,14.075586813064664
1154,2025,10,847,1.0,3.7927208784843636,2.7927208784843636
1154,2025,10,852,12.0,10.353689640397883,1.6463103596021167
1154,2025,10,857,4.0,2.8849782542080433,1.1150217457919567
1154,2025,10,860,11.0,12.534248024579835,1.534248024579835
1154,2025,10,861,13.0,12.360576923269926,0.6394230767300737
1154,2025,10,863,3.0,5.793522056779754,2.7935220567797536
1154,2025,10,866,14.0,14.377875881365458,0.37787588136545835
1154,2025,10,872,16.0,9.23189735329443,6.76810264670557
1155,2025,11,1,4.0,5.329471613194445,1.3294716131944453
1155,2025,11,4,7.0,11.456079933172116,4.456079933172116
1155,2025,11,807,9.0,14.432197808212091,5.432197808212091
1155,2025,11,839,10.0,13.483662322575844,3.483662322575844
1155,2025,11,840,14.0,14.088922524845753,0.0889225248457528
1155,2025,11,842,13.0,11.27156588795141,1.7284341120485909
1155,2025,11,844,3.0,3.831414394889408,0.8314143948894079
1155,2025,11,846,1.0,2.7064350046821515,1.7064350046821515
1155,2025,11,847,5.0,5.2681528841121334,0.26815288411213345
1155,2025,11,852,16.0,13.423948548043922,2.5760514519560775
1155,2025,11,857,2.0,2.8828539808570985,0.8828539808570985
1155,2025,11,859,6.0,9.142317696961825,3.1423176969618254
1155,2025,11,860,11.0,12.828323009231246,1.8283230092312461
1155,2025,11,861,15.0,12.779751217448617,2.2202487825513835
1155,2025,11,866,8.0,11.381388950449013,3.381388950449013
1155,2025,11,872,12.0,10.862579927030497,1.137420072969503
1156,2025,12,1,4.0,5.465069630574124,1.4650696305741242
1156,2025,12,4,9.0,10.43947032608872,1.4394703260887205
1156,2025,12,807,3.0,14.311009451889198,11.311009451889198
1156,2025,12,830,5.0,4.223893101198582,0.7761068988014177
1156,2025,12,832,12.0,10.84041386748224,1.1595861325177594
1156,2025,12,839,13.0,12.496658613731828,0.5033413862681719
1156,2025,12,840,7.0,14.562935475917632,7.562935475917632
1156,2025,12,842,6.0,11.403687382702557,5.403687382702557
1156,2025,12,844,14.0,4.996981304068131,9.00301869593187
1156,2025,12,846,1.0,3.365899658170205,2.365899658170205
1156,2025,12,847,10.0,4.868606474447334,5.131393525552666
1156,2025,12,848,8.0,10.928070317007064,2.928070317007064
1156,2025,12,852,15.0,11.362992540733138,3.6370074592668615
1156,2025,12,857,2.0,2.3190714112936277,0.3190714112936277
1156,2025,12,860,11.0,10.04459238858186,0.9554076114181402
1157,2025,13,1,7.0,9.380670048352748,2.380670048352748
1157,2025,13,4,17.0,14.006520611713109,2.9934793882868913
1157,2025,13,807,12.0,11.255503688280186,0.7444963117198142
1157,2025,13,830,4.0,5.255227674902356,1.2552276749023559
1157,2025,13,832,18.0,11.982086810973216,6.017913189026784
1157,2025,13,839,15.0,11.110736347949143,3.8892636520508574
1157,2025,13,840,14.0,15.399331852312464,1.3993318523124643
1157,2025,13,842,10.0,12.019197145392479,2.0191971453924786
1157,2025,13,844,3.0,4.583777655713678,1.5837776557136776
1157,2025,13,846,2.0,2.4973818150743723,0.4973818150743723
1157,2025,13,847,5.0,6.412533403761465,1.412533403761465
1157,2025,13,848,6.0,7.727914500885445,1.7279145008854453
1157,2025,13,852,13.0,9.73733757678296,3.2626624232170407
1157,2025,13,857,1.0,2.209313626915118,1.209313626915118
1157,2025,13,859,8.0,9.981729462330813,1.9817294623308133
1157,2025,13,860,11.0,11.416185150999018,0.4161851509990182
1157,2025,13,861,19.0,13.78371714548597,5.216282854514031
1157,2025,13,863,16.0,10.708130451122967,5.291869548877033
1157,2025,13,866,9.0,11.16145988968098,2.1614598896809802
1157,2025,13,872,20.0,9.17052106798867,10.82947893201133
1158,2025,14,1,12.0,7.9443564504543565,4.0556435495456435
1158,2025,14,4,5.0,8.386211811540186,3.3862118115401856
1158,2025,14,807,13.0,12.911829181856994,0.08817081814300565
1158,2025,14,830,9.0,7.0333457903203715,1.9666542096796285
1158,2025,14,832,14.0,12.137499704210356,1.8625002957896442
1158,2025,14,839,16.0,13.597824156703622,2.4021758432963782
1158,2025,14,840,7.0,9.749483196643299,2.7494831966432987
1158,2025,14,842,19.0,13.145574203884683,5.854425796115317
1158,2025,14,844,4.0,3.589316958283127,0.4106830417168732
1158,2025,14,846,1.0,2.9627605174187606,1.9627605174187606
1158,2025,14,847,3.0,5.5970342577488115,2.5970342577488115
1158,2025,14,848,15.0,13.344284247932508,1.6557157520674917
1158,2025,14,852,17.0,13.311553196618446,3.688446803381554
1158,2025,14,857,2.0,2.205406492505423,0.2054064925054231
1158,2025,14,859,8.0,9.94619823650211,1.9461982365021093
1158,2025,14,861,18.0,13.072148265504337,4.927851734495663
1158,2025,14,863,10.0,10.514351597747813,0.5143515977478135
1158,2025,14,866,6.0,9.541441091040358,3.541441091040358
1158,2025,14,872,11.0,10.288672099968302,0.7113279000316979
1159,2025,15,4,8.0,10.089106403777226,2.089106403777226
1159,2025,15,807,14.0,12.262602330051497,1.7373976699485034
1159,2025,15,830,2.0,5.129360110868068,3.1293601108680678
1159,2025,15,832,13.0,10.462488293476552,2.537511706523448
1159,2025,15,839,10.0,14.257788399379875,4.257788399379875
1159,2025,15,840,7.0,14.551837349120214,7.551837349120214
1159,2025,15,842,17.0,12.773060975837122,4.226939024162878
1159,2025,15,846,18.0,2.426562664416691,15.573437335583309
1159,2025,15,847,4.0,5.832696706430809,1.8326967064308093
1159,2025,15,848,5.0,11.03115226202496,6.0311522620249605
1159,2025,15,852,9.0,11.905815035390232,2.9058150353902317
1159,2025,15,857,1.0,1.8845196694483812,0.8845196694483812
1159,2025,15,859,12.0,9.36419859268119,2.6358014073188105
1159,2025,15,860,6.0,14.742143719209192,8.742143719209192
1159,2025,15,861,11.0,14.08343961766671,3.083439617666709
1159,2025,15,863,16.0,9.044403404700834,6.955596595299166
1159,2025,15,866,15.0,11.339113454116562,3.6608865458834376
1159,2025,15,872,3.0,7.908920690233422,4.908920690233422
1160,2025,16,1,6.0,5.953259138093192,0.04674086190680793
1160,2025,16,830,1.0,4.1067632925456214,3.1067632925456214
1160,2025,16,832,11.0,12.084285192911368,1.0842851929113682
1160,2025,16,839,15.0,12.723135478460078,2.276864521539922
1160,2025,16,840,18.0,13.189794668605295,4.810205331394705
1160,2025,16,842,16.0,15.054690083309872,0.9453099166901282
1160,2025,16,844,4.0,4.76814069856913,0.7681406985691304
1160,2025,16,846,2.0,3.2760037965033053,1.2760037965033053
1160,2025,16,847,5.0,6.385183279372825,1.385183279372825
1160,2025,16,848,7.0,10.561155182470243,3.5611551824702428
1160,2025,16,852,13.0,10.857431411367749,2.142568588632251
1160,2025,16,857,3.0,2.483170052170702,0.5168299478292981
1160,2025,16,859,14.0,13.574836567427228,0.4251634325727718
1160,2025,16,860,12.0,11.330228993063333,0.6697710069366671
1160,2025,16,861,17.0,14.950619080516038,2.049380919483962
1160,2025,16,863,9.0,7.961003963226536,1.0389960367734643
1160,2025,16,866,8.0,9.40846465122341,1.4084646512234098
1160,2025,16,872,10.0,12.143458485127606,2.1434584851276064
1161,2025,17,1,8.0,8.69300374520178,0.6930037452017803
1161,2025,17,4,15.0,9.777590852806535,5.222409147193465
1161,2025,17,807,16.0,12.283697224749577,3.7163027752504227
1161,2025,17,830,1.0,3.259740335820136,2.259740335820136
1161,2025,17,832,3.0,8.117306675576756,5.1173066755767564
1161,2025,17,839,14.0,14.588652611975537,0.5886526119755366
1161,2025,17,840,17.0,12.478705494815458,4.521294505184542
1161,2025,17,842,18.0,14.691496501426277,3.3085034985737227
1161,2025,17,844,9.0,7.091972471133701,1.908027528866299
1161,2025,17,846,7.0,5.43839359383479,1.5616064061652102
1161,2025,17,847,2.0,5.959005818868,3.9590058188680004
1161,2025,17,848,13.0,12.087453462777802,0.9125465372221981
1161,2025,17,852,6.0,9.30771475072348,3.3077147507234805
1161,2025,17,859,5.0,7.102360485432714,2.1023604854327136
1161,2025,17,860,12.0,13.25773478824791,1.2577347882479106
1161,2025,17,861,19.0,14.30628265336168,4.693717346638319
1161,2025,17,863,4.0,7.228610128009798,3.228610128009798
1161,2025,17,866,11.0,11.331306993313476,0.3313069933134756
1161,2025,17,872,10.0,8.62927220270583,1.3707277972941707
1162,2025,18,1,8.0,6.310503191191025,1.6894968088089746
1162,2025,18,4,7.0,9.962204027050639,2.962204027050639
1162,2025,18,807,20.0,10.289282044151756,9.710717955848244
1162,2025,18,830,2.0,3.4822599664980016,1.4822599664980016
1162,2025,18,832,10.0,14.418614221073113,4.418614221073113
1162,2025,18,839,18.0,13.293564355471746,4.706435644528254
1162,2025,18,840,13.0,13.136356047575983,0.1363560475759833
1162,2025,18,842,19.0,15.081339350081768,3.918660649918232
1162,2025,18,844,6.0,6.262868228558633,0.26286822855863257
1162,2025,18,846,3.0,4.905526912252969,1.9055269122529692
1162,2025,18,847,1.0,3.8427783318483115,2.8427783318483115
1162,2025,18,848,14.0,12.654391749233746,1.3456082507662543
1162,2025,18,852,12.0,11.492867639604247,0.5071323603957527
1162,2025,18,857,4.0,3.0925465940242347,0.9074534059757653
1162,2025,18,859,15.0,9.896144443636654,5.103855556363346
1162,2025,18,860,9.0,10.55348511984835,1.5534851198483501
1162,2025,18,861,16.0,14.904729041808299,1.0952709581917013
1162,2025,18,863,5.0,6.477019520823957,1.4770195208239567
1162,2025,18,866,17.0,11.85820177921869,5.141798220781309
1162,2025,18,872,11.0,8.754177524762708,2.2458224752372917
1163,2025,19,1,4.0,5.963481640783619,1.9634816407836189
1163,2025,19,4,10.0,10.01215775392646,0.012157753926459236
1163,2025,19,807,8.0,10.609588451198725,2.609588451198725
1163,2025,19,830,1.0,2.9520903012123494,1.9520903012123494
1163,2025,19,839,15.0,13.718586784036079,1.281413215963921
1163,2025,19,840,12.0,14.021522869119835,2.021522869119835
1163,2025,19,842,19.0,13.602668411869937,5.397331588130063
1163,2025,19,844,3.0,4.820462537563354,1.8204625375633539
1163,2025,19,846,2.0,3.92914944491757,1.9291494449175701
1163,2025,19,847,6.0,4.435919660958641,1.5640803390413591
1163,2025,19,848,14.0,12.59938269780699,1.4006173021930106
1163,2025,19,852,7.0,11.506577653999418,4.506577653999418
1163,2025,19,857,5.0,4.242881646343607,0.7571183536563932
1163,2025,19,859,11.0,10.371704878800196,0.6282951211998036
1163,2025,19,860,9.0,10.177324791515913,1.1773247915159128
1163,2025,19,861,17.0,14.6083803440727,2.3916196559273004
1163,2025,19,863,13.0,6.939444260881855,6.060555739118145
1163,2025,19,866,18.0,12.849431508534959,5.150568491465041
1163,2025,19,872,16.0,13.738252254656125,2.2617477453438752
1164,2025,20,1,8.0,5.210728843798576,2.7892711562014236
1164,2025,20,830,3.0,3.6538092192922837,0.6538092192922837
1164,2025,20,832,17.0,9.523611304012539,7.4763886959874615
1164,2025,20,839,9.0,11.858971073040703,2.8589710730407027
1164,2025,20,840,14.0,14.490167916880033,0.4901679168800328
1164,2025,20,842,15.0,15.680006777880417,0.6800067778804166
1164,2025,20,844,2.0,4.245975049598307,2.2459750495983073
1164,2025,20,846,1.0,3.642631387366965,2.642631387366965
1164,2025,20,847,7.0,4.410626611966375,2.589373388033625
1164,2025,20,848,12.0,12.098597184936771,0.0985971849367715
1164,2025,20,852,11.0,10.340526419000362,0.6594735809996379
1164,2025,20,857,5.0,5.265335299510226,0.26533529951022583
1164,2025,20,860,4.0,10.233659017691336,6.233659017691336
1164,2025,20,861,16.0,16.70695527986475,0.7069552798647507
1164,2025,20,863,6.0,6.886915796543468,0.8869157965434677
1164,2025,20,866,10.0,13.05106109543399,3.0510610954339903
1164,2025,20,872,13.0,10.172012900662141,2.827987099337859
1165,2025,21,4,14.0,10.760234662364285,3.239765337635715
1165,2025,21,807,9.0,10.15938955111596,1.1593895511159609
1165,2025,21,830,3.0,8.075164526042174,5.075164526042174
1165,2025,21,832,13.0,12.944881492300532,0.055118507699468466
1165,2025,21,839,12.0,13.507404099088921,1.5074040990889213
1165,2025,21,840,16.0,12.593707142508979,3.406292857491021
1165,2025,21,842,10.0,12.343809901417043,2.3438099014170426
1165,2025,21,846,1.0,2.9418100042445205,1.9418100042445205
1165,2025,21,847,4.0,4.957648306942277,0.9576483069422768
1165,2025,21,848,11.0,10.730152123915342,0.26984787608465766
1165,2025,21,852,17.0,13.950796364315435,3.049203635684565
1165,2025,21,857,5.0,3.518163205275961,1.481836794724039
1165,2025,21,859,7.0,8.480144866211274,1.4801448662112744
1165,2025,21,860,6.0,9.189829961583992,3.1898299615839925
1165,2025,21,861,15.0,15.518603112618823,0.5186031126188233
1165,2025,21,863,2.0,5.695969446496058,3.6959694464960577
1165,2025,21,872,8.0,8.350677924541756,0.35067792454175617
1166,2025,22,1,8.0,11.90886602378591,3.90886602378591
1166,2025,22,4,11.0,9.214347839096192,1.7856521609038083
1166,2025,22,807,7.0,10.883672018252067,3.883672018252067
1166,2025,22,830,1.0,2.799644673912238,1.7996446739122378
1166,2025,22,832,5.0,8.449195043949855,3.449195043949855
1166,2025,22,839,9.0,11.87100081970335,2.871000819703349
1166,2025,22,842,13.0,12.358870690932115,0.6411293090678853
1166,2025,22,844,4.0,7.207194508106706,3.2071945081067064
1166,2025,22,847,2.0,4.338621284160098,2.338621284160098
1166,2025,22,852,12.0,13.54837770206575,1.5483777020657499
1166,2025,22,859,14.0,8.27799645489127,5.7220035451087305
1166,2025,22,860,10.0,10.729959525509619,0.729959525509619
1166,2025,22,861,15.0,14.353481384571312,0.6465186154286879
1166,2025,22,863,3.0,10.975836332310521,7.9758363323105215
1166,2025,22,872,6.0,9.185467341941829,3.1854673419418287
1167,2025,23,1,12.0,11.212070734962182,0.7879292650378176
1167,2025,23,4,7.0,10.01002732878492,3.01002732878492
1167,2025,23,830,1.0,3.0314816030524705,2.0314816030524705
1167,2025,23,832,3.0,9.381516791824245,6.381516791824245
1167,2025,23,839,15.0,13.117528067691197,1.8824719323088033
1167,2025,23,840,17.0,14.3023984468377,2.6976015531623005
1167,2025,23,842,16.0,12.067048320548917,3.932951679451083
1167,2025,23,844,8.0,7.085604105616007,0.9143958943839934
1167,2025,23,846,4.0,3.3023836130079944,0.6976163869920056
1167,2025,23,847,6.0,3.523487365564497,2.476512634435503
1167,2025,23,848,11.0,11.42388000669046,0.4238800066904602
1167,2025,23,852,10.0,12.473126867243014,2.473126867243014
1167,2025,23,857,2.0,2.4341185707278887,0.43411857072788873
1167,2025,23,859,9.0,10.439806562011995,1.439806562011995
1167,2025,23,861,14.0,16.04275389145219,2.0427538914521897
1167,2025,23,863,5.0,6.132533691705175,1.1325336917051754
1167,2025,23,866,13.0,11.490429474470556,1.509570525529444
1167,2025,23,872,18.0,8.341725015692077,9.658274984307923
1168,2025,24,1,8.0,10.923695766466132,2.923695766466132
1168,2025,24,4,6.0,8.694303911062295,2.6943039110622955
1168,2025,24,807,9.0,13.601317080081117,4.601317080081117
1168,2025,24,830,1.0,2.0083002648856922,1.0083002648856922
1168,2025,24,832,13.0,10.726452379840383,2.2735476201596168
1168,2025,24,839,7.0,10.238238580850721,3.2382385808507212
1168,2025,24,840,10.0,13.044597488884454,3.0445974888844543
1168,2025,24,842,19.0,16.14726072176558,2.85273927823442
1168,2025,24,844,4.0,5.766017128507073,1.7660171285070732
1168,2025,24,846,3.0,3.6116085191928766,0.6116085191928766
1168,2025,24,847,5.0,4.0504157402268035,0.9495842597731965
1168,2025,24,848,16.0,12.519385987137436,3.4806140128625636
1168,2025,24,852,14.0,10.154851036463649,3.845148963536351
1168,2025,24,857,2.0,3.233966844003924,1.2339668440039242
1168,2025,24,859,18.0,11.11079446305038,6.8892055369496195
1168,2025,24,860,12.0,9.533899642568878,2.466100357431122
1168,2025,24,861,20.0,16.131142486438797,3.8688575135612027
1168,2025,24,863,15.0,9.249271522856338,5.750728477143662
1168,2025,24,866,11.0,9.486657034014922,1.5133429659850783
1168,2025,24,872,17.0,9.306987625886716,7.693012374113284
1169,2026,1,1,4.0,6.6650853376525925,2.6650853376525925
1169,2026,1,815,16.0,12.393894296437633,3.606105703562367
1169,2026,1,830,6.0,6.439247234296331,0.4392472342963307
1169,2026,1,832,15.0,9.188137789488257,5.811862210511743
1169,2026,1,839,11.0,11.192268917166476,0.19226891716647643
1169,2026,1,842,10.0,13.565098811806848,3.5650988118068483
1169,2026,1,844,3.0,5.099958384345198,2.0999583843451983
1169,2026,1,846,5.0,4.869039742420975,0.13096025757902474
1169,2026,1,847,1.0,3.051683619843369,2.051683619843369
1169,2026,1,848,12.0,11.676879789789574,0.32312021021042625
1169,2026,1,859,13.0,9.133391217735964,3.866608782264036
1169,2026,1,860,7.0,9.866200632705231,2.8662006327052314
1169,2026,1,861,14.0,13.887675952345951,0.1123240476540488
1169,2026,1,863,2.0,4.110294965849604,2.1102949658496044
1169,2026,1,866,9.0,9.699897501834238,0.6998975018342382
1169,2026,1,876,8.0,9.170057107635673,1.1700571076356727
1170,2026,2,1,3.0,4.962591876641007,1.9625918766410066
1170,2026,2,807,11.0,11.079108446169892,0.07910844616989188
1170,2026,2,815,15.0,17.182471700025886,2.1824717000258858
1170,2026,2,822,13.0,16.922463064581315,3.922463064581315
1170,2026,2,832,9.0,12.952590868361618,3.952590868361618
1170,2026,2,839,14.0,11.61149012992059,2.3885098700794103
1170,2026,2,842,6.0,10.985713810699554,4.985713810699554
1170,2026,2,844,4.0,4.831925446624265,0.8319254466242647
1170,2026,2,847,2.0,3.0396760752104255,1.0396760752104255
1170,2026,2,859,7.0,12.054881464321767,5.054881464321767
1170,2026,2,860,5.0,9.397386413036743,4.3973864130367435
1170,2026,2,861,10.0,12.667406253184993,2.6674062531849927
1170,2026,2,863,1.0,3.23105143340688,2.23105143340688
1170,2026,2,872,8.0,8.908434203195688,0.9084342031956876
1170,2026,2,876,12.0,11.574740052317972,0.4252599476820276
1171,2026,3,1,6.0,5.914016610683609,0.08598338931639127
1171,2026,3,4,18.0,14.987697067948908,3.0123029320510923
1171,2026,3,807,11.0,12.154990489367687,1.1549904893676874
1171,2026,3,815,17.0,15.5790908083377,1.4209091916623002
1171,2026,3,822,19.0,16.429968164987322,2.570031835012678
1171,2026,3,830,8.0,7.271266205051012,0.7287337949489876
1171,2026,3,832,15.0,12.415155921476341,2.584844078523659
1171,2026,3,839,10.0,11.61132556086651,1.6113255608665096
1171,2026,3,842,7.0,10.434535306899932,3.4345353068999316
1171,2026,3,844,3.0,4.675524646391753,1.6755246463917528
1171,2026,3,846,5.0,4.7238015194895775,0.2761984805104225
1171,2026,3,847,4.0,2.9722526068364328,1.0277473931635672
1171,2026,3,848,20.0,13.302485395327123,6.697514604672877
1171,2026,3,857,2.0,4.290248078740872,2.2902480787408717
1171,2026,3,859,9.0,11.719134024553467,2.719134024553467
1171,2026,3,861,16.0,13.510197295839486,2.489802704160514
1171,2026,3,863,1.0,2.864295888249476,1.864295888249476
1171,2026,3,866,13.0,10.916428674297205,2.0835713257027955
1171,2026,3,872,12.0,8.379642731283681,3.620357268716319
1171,2026,3,876,14.0,10.268686082247601,3.7313139177523986
1172,2026,4,1,6.0,5.769954900801709,0.23004509919829097
1172,2026,4,4,15.0,14.067971606403857,0.9320283935961431
1172,2026,4,815,16.0,15.792691502555929,0.2073084974440711
1172,2026,4,822,18.0,16.357313834093645,1.6426861659063547
1172,2026,4,830,5.0,4.58276497531967,0.4172350246803296
1172,2026,4,832,9.0,11.927737277371596,2.9277372773715964
1172,2026,4,839,13.0,12.185349183049492,0.8146508169505076
1172,2026,4,840,17.0,14.863347387130643,2.136652612869357
1172,2026,4,844,8.0,3.9720107107706255,4.0279892892293745
1172,2026,4,846,2.0,4.057548207905187,2.057548207905187
1172,2026,4,847,4.0,4.1509763894528895,0.1509763894528895
1172,2026,4,848,10.0,13.270065274508934,3.2700652745089336
1172,2026,4,857,3.0,5.3834814523524965,2.3834814523524965
1172,2026,4,860,11.0,9.696385500268418,1.303614499731582
1172,2026,4,861,7.0,10.720916386607254,3.7209163866072537
1172,2026,4,863,1.0,2.7424155942949175,1.7424155942949175
1172,2026,4,866,12.0,15.108444136767343,3.1084441367673428
1172,2026,4,876,14.0,12.90271660758249,1.0972833924175092
1173,2026,5,1,2.0,5.384579926694435,3.3845799266944354
1173,2026,5,807,12.0,10.808229119478385,1.1917708805216147
1173,2026,5,822,16.0,17.261865145215236,1.2618651452152356
1173,2026,5,830,3.0,5.758993695103439,2.758993695103439
1173,2026,5,832,9.0,12.83748171352692,3.8374817135269197
1173,2026,5,839,14.0,13.300425523604286,0.6995744763957141
1173,2026,5,840,15.0,16.589701821914606,1.5897018219146055
1173,2026,5,842,8.0,12.1408940517071,4.1408940517071
1173,2026,5,844,4.0,5.874211979727407,1.8742119797274066
1173,2026,5,857,11.0,4.025727635542764,6.974272364457236
1173,2026,5,859,7.0,10.880478405627827,3.8804784056278265
1173,2026,5,860,10.0,11.441133350592757,1.4411333505927573
1173,2026,5,861,6.0,11.160398338117,5.160398338117
1173,2026,5,863,1.0,2.6714943246387985,1.6714943246387985
1173,2026,5,866,13.0,12.270565267849836,0.729434732150164
1173,2026,5,872,5.0,8.312499835593584,3.3124998355935844
1174,2026,6,1,2.0,4.333746061034211,2.333746061034211
1174,2026,6,4,10.0,16.242336207095292,6.242336207095292
1174,2026,6,807,13.0,11.725190720957139,1.2748092790428611
1174,2026,6,815,15.0,15.582625147767981,0.5826251477679811
1174,2026,6,832,16.0,11.433979032486889,4.566020967513111
1174,2026,6,839,9.0,13.346286192481916,4.346286192481916
1174,2026,6,842,7.0,9.624528377705925,2.624528377705925
1174,2026,6,847,12.0,4.372294269768948,7.627705730231052
1174,2026,6,848,8.0,11.321166325609337,3.3211663256093367
1174,2026,6,857,4.0,6.0336729983963,2.0336729983963
1174,2026,6,859,5.0,10.030554454251549,5.030554454251549
1174,2026,6,861,14.0,11.83073310021203,2.1692668997879707
1174,2026,6,863,1.0,2.1479543641582373,1.1479543641582373
1174,2026,6,866,11.0,13.086088502325907,2.0860885023259073
1174,2026,6,872,3.0,7.002730233121714,4.002730233121714
1174,2026,6,876,6.0,12.222378347693013,6.222378347693013
1175,2026,7,1,1.0,3.834645334800726,2.834645334800726
1175,2026,7,815,14.0,16.03631627676481,2.0363162767648113
1175,2026,7,830,4.0,5.183862344207639,1.1838623442076388
1175,2026,7,832,12.0,13.14240488125414,1.1424048812541407
1175,2026,7,839,13.0,13.472673339550049,0.47267333955004887
1175,2026,7,842,7.0,11.289715565952665,4.289715565952665
1175,2026,7,844,15.0,6.685668435068006,8.314331564931994
1175,2026,7,846,3.0,4.736902678103452,1.7369026781034522
1175,2026,7,847,2.0,2.9688099104526025,0.9688099104526025
1175,2026,7,857,5.0,5.806514781914011,0.8065147819140108
1175,2026,7,859,8.0,8.924933535474922,0.9249335354749224
1175,2026,7,860,17.0,11.64573860076906,5.354261399230939
1175,2026,7,861,10.0,11.567838481848352,1.5678384818483515
1175,2026,7,863,16.0,2.5929787455753672,13.407021254424633
1175,2026,7,866,11.0,11.549173191259133,0.5491731912591327
1175,2026,7,872,6.0,6.914249900776923,0.9142499007769231
1175,2026,7,876,9.0,9.938864934606965,0.9388649346069649
1176,2026,8,1,5.0,3.95760315550847,1.0423968444915301
1176,2026,8,4,18.0,16.04085891652865,1.9591410834713514
1176,2026,8,807,12.0,12.15040381736167,0.15040381736167063
1176,2026,8,830,2.0,5.039578456201405,3.039578456201405
1176,2026,8,839,16.0,13.023073046622219,2.976926953377781
1176,2026,8,842,13.0,10.221457016264184,2.778542983735816
1176,2026,8,844,8.0,4.077319115600173,3.922680884399827
1176,2026,8,846,7.0,5.48389563146252,1.51610436853748
1176,2026,8,847,1.0,3.213788833582001,2.213788833582001
1176,2026,8,848,17.0,13.98503404106416,3.0149659589358393
1176,2026,8,857,4.0,5.7491875184742955,1.7491875184742955
1176,2026,8,859,9.0,9.07933715219285,0.0793371521928492
1176,2026,8,860,14.0,11.121559815649182,2.8784401843508185
1176,2026,8,861,15.0,12.570563322125034,2.429436677874966
1176,2026,8,863,3.0,3.709588998086371,0.709588998086371
1176,2026,8,866,11.0,11.803088159305375,0.8030881593053749
1176,2026,8,872,6.0,7.619662860980955,1.619662860980955
1176,2026,8,876,10.0,9.506587230714759,0.493412769285241
1177,2026,9,1,3.0,3.9379369657501826,0.9379369657501826
1177,2026,9,4,18.0,16.831223101510062,1.1687768984899378
1177,2026,9,815,14.0,16.84703464980347,2.8470346498034687
1177,2026,9,822,16.0,15.660366499423041,0.3396335005769586
1177,2026,9,830,20.0,5.382894162643142,14.617105837356858
1177,2026,9,832,17.0,12.960429160832314,4.039570839167686
1177,2026,9,839,13.0,14.08159597882646,1.08159597882646
1177,2026,9,840,19.0,16.813450620319692,2.186549379680308
1177,2026,9,842,10.0,10.590893817210413,0.5908938172104126
1177,2026,9,844,1.0,4.348400385932612,3.348400385932612
1177,2026,9,846,4.0,5.706494672886553,1.7064946728865529
1177,2026,9,847,2.0,4.231481346797445,2.2314813467974446
1177,2026,9,857,11.0,6.018850679875259,4.981149320124741
1177,2026,9,859,6.0,9.252033320970963,3.2520333209709626
1177,2026,9,860,12.0,11.87413910483368,0.12586089516631915
1177,2026,9,861,9.0,13.798077865761273,4.7980778657612735
1177,2026,9,863,15.0,2.6587865357169225,12.341213464283078
1177,2026,9,866,8.0,11.342096119620473,3.3420961196204733
1177,2026,9,872,5.0,6.274113942008602,1.2741139420086016
1177,2026,9,876,7.0,9.17446573201103,2.174465732011029
1178,2026,10,1,4.0,4.712819096810188,0.712819096810188
1178,2026,10,4,19.0,17.151326550771216,1.8486734492287837
1178,2026,10,807,13.0,12.063840300699713,0.936159699300287
1178,2026,10,822,18.0,16.39427295299982,1.6057270470001797
1178,2026,10,830,3.0,4.457357797107827,1.4573577971078269
1178,2026,10,832,16.0,13.52734017470372,2.4726598252962795
1178,2026,10,839,17.0,14.531247697473226,2.4687523025267737
1178,2026,10,842,11.0,10.378593872280367,0.6214061277196326
1178,2026,10,844,2.0,4.998844495919744,2.9988444959197436
1178,2026,10,846,7.0,4.603884167567316,2.3961158324326837
1178,2026,10,848,15.0,14.582815952440088,0.41718404755991223
1178,2026,10,857,5.0,6.141595851773623,1.1415958517736229
1178,2026,10,859,12.0,8.999022208894717,3.0009777911052833
1178,2026,10,860,14.0,12.72946504761683,1.2705349523831693
1178,2026,10,861,10.0,11.561138780478858,1.5611387804788581
1178,2026,10,863,1.0,3.3972363653422857,2.3972363653422857
1178,2026,10,866,8.0,10.3171158252767,2.3171158252766997
1178,2026,10,872,6.0,8.070286548701038,2.070286548701038
1178,2026,10,876,9.0,8.369583319972362,0.6304166800276381
1179,2026,11,1,5.0,3.059566014855122,1.9404339851448782
1179,2026,11,4,14.0,15.844558908879218,1.8445589088792183
1179,2026,11,807,9.0,10.809859032247426,1.8098590322474255
1179,2026,11,830,2.0,5.925895645869689,3.925895645869689
1179,2026,11,832,18.0,15.101807518918923,2.898192481081077
1179,2026,11,839,16.0,13.716152122280414,2.2838478777195856
1179,2026,11,840,13.0,16.954441335039537,3.9544413350395367
1179,2026,11,842,12.0,10.275158834056416,1.7248411659435838
1179,2026,11,844,4.0,3.9790351292845703,0.02096487071542974
1179,2026,11,846,1.0,3.568688429551268,2.568688429551268
1179,2026,11,847,7.0,5.559483270018978,1.440516729981022
1179,2026,11,848,17.0,15.45598072201847,1.5440192779815298
1179,2026,11,859,8.0,9.024733848230035,1.024733848230035
1179,2026,11,860,19.0,13.082301981982216,5.917698018017784
1179,2026,11,861,15.0,11.455358128405924,3.5446418715940755
1179,2026,11,863,3.0,4.083686641489703,1.0836866414897033
1179,2026,11,866,11.0,11.847880448379156,0.847880448379156
1179,2026,11,872,6.0,6.954705962585338,0.9547059625853382
1179,2026,11,876,10.0,8.891786987588176,1.1082130124118237
1180,2026,12,1,4.0,4.34878451168351,0.34878451168351
1180,2026,12,4,9.0,16.3808537997267,7.380853799726701
1180,2026,12,807,8.0,11.50612458299809,3.5061245829980905
1180,2026,12,815,15.0,17.47543400804473,2.4754340080447292
1180,2026,12,832,16.0,14.79133101188831,1.2086689881116897
1180,2026,12,842,10.0,9.99539760309361,0.004602396906390638
1180,2026,12,844,5.0,5.152115091734897,0.15211509173489723
1180,2026,12,846,1.0,3.0978950660953464,2.0978950660953464
1180,2026,12,847,3.0,3.8119958282811357,0.8119958282811357
1180,2026,12,848,17.0,14.411960874996323,2.588039125003677
1180,2026,12,852,11.0,11.030441667367594,0.030441667367593794
1180,2026,12,857,6.0,4.8542156682406,1.1457843317594003
1180,2026,12,859,7.0,7.67476770091629,0.6747677009162896
1180,2026,12,861,14.0,11.788445568315883,2.2115544316841174
1180,2026,12,863,2.0,3.611177067138441,1.611177067138441
1180,2026,12,866,13.0,10.009801809362344,2.9901981906376562
1180,2026,12,876,12.0,9.460674775988204,2.5393252240117956
1181,2026,13,1,6.0,4.229273360720058,1.7707266392799417
1181,2026,13,807,12.0,11.256894402363953,0.7431055976360472
1181,2026,13,815,18.0,16.91330325674987,1.0866967432501298
1181,2026,13,822,19.0,16.882094983138806,2.1179050168611937
1181,2026,13,830,3.0,5.927769892478307,2.927769892478307
1181,2026,13,832,13.0,14.369556470719601,1.3695564707196013
1181,2026,13,839,16.0,14.30029222379384,1.6997077762061608
1181,2026,13,842,7.0,6.247598244778203,0.752401755221797
1181,2026,13,846,4.0,5.881913459953802,1.881913459953802
1181,2026,13,847,2.0,3.776957726305758,1.776957726305758
1181,2026,13,848,17.0,15.43130065501203,1.5686993449879694
1181,2026,13,852,10.0,13.059392347855274,3.0593923478552743
1181,2026,13,857,5.0,4.642056419242265,0.3579435807577349
1181,2026,13,859,14.0,10.03850716210786,3.9614928378921395
1181,2026,13,860,15.0,12.385835244143024,2.614164755856976
1181,2026,13,861,9.0,9.477819529544146,0.47781952954414564
1181,2026,13,863,1.0,4.812981134455129,3.8129811344551294
1181,2026,13,866,11.0,10.677834533035318,0.32216546696468207
1181,2026,13,876,8.0,9.664103583267075,1.6641035832670745
1182,2026,14,4,17.0,15.399238127236504,1.6007618727634956
1182,2026,14,807,10.0,10.309454402453373,0.3094544024533725
1182,2026,14,822,18.0,17.239715746289093,0.7602842537109069
1182,2026,14,830,2.0,4.417243897424049,2.417243897424049
1182,2026,14,839,11.0,13.018762393208318,2.018762393208318
1182,2026,14,842,12.0,10.790901012002681,1.2090989879973186
1182,2026,14,844,4.0,4.988724592100504,0.9887245921005041
1182,2026,14,846,3.0,2.626597514808539,0.3734024851914608
1182,2026,14,847,5.0,4.83399454932603,0.16600545067397032
1182,2026,14,848,15.0,14.361327483810957,0.6386725161890432
1182,2026,14,852,14.0,12.134153896018736,1.865846103981264
1182,2026,14,857,8.0,5.950705839509454,2.049294160490546
1182,2026,14,859,6.0,7.845256804314488,1.845256804314488
1182,2026,14,860,16.0,11.442185511407395,4.557814488592605
1182,2026,14,861,7.0,9.740894220980524,2.7408942209805236
1182,2026,14,863,1.0,2.878416004448341,1.878416004448341
1182,2026,14,866,13.0,10.916694514828869,2.083305485171131
1182,2026,14,876,9.0,9.458274902235473,0.4582749022354733
1183,2026,15,1,6.0,4.855630889843032,1.1443691101569682
1183,2026,15,807,11.0,13.693555576564588,2.693555576564588
1183,2026,15,815,14.0,17.18678885069828,3.1867888506982815
1183,2026,15,822,16.0,18.487145919166032,2.487145919166032
1183,2026,15,830,2.0,6.069829095299809,4.069829095299809
1183,2026,15,832,10.0,11.999932610164823,1.999932610164823
1183,2026,15,839,8.0,13.557499214324682,5.557499214324682
1183,2026,15,844,4.0,4.072493151789298,0.07249315178929816
1183,2026,15,847,1.0,3.154747171240122,2.154747171240122
1183,2026,15,857,13.0,4.722589712164266,8.277410287835734
1183,2026,15,859,12.0,9.70979087430512,2.2902091256948793
1183,2026,15,860,9.0,12.113464090759873,3.113464090759873
1183,2026,15,863,5.0,8.036999317262675,3.0369993172626746
1183,2026,15,866,15.0,13.314790188380744,1.6852098116192558
1183,2026,15,872,3.0,5.566513599377134,2.566513599377134
1183,2026,15,876,7.0,11.186795024702874,4.1867950247028745
1184,2026,16,1,3.0,3.372419275973993,0.3724192759739928
1184,2026,16,4,8.0,13.216618541862175,5.216618541862175
1184,2026,16,807,11.0,12.942874731532047,1.9428747315320472
1184,2026,16,815,19.0,17.64453994288962,1.3554600571103812
1184,2026,16,822,22.0,17.658401192498317,4.341598807501683
1184,2026,16,830,1.0,3.0635846359801553,2.0635846359801553
1184,2026,16,832,17.0,13.26886968344121,3.73113031655879
1184,2026,16,839,15.0,15.045027896119818,0.04502789611981761
1184,2026,16,840,12.0,13.534500929554344,1.5345009295543441
1184,2026,16,842,16.0,9.428234106587182,6.5717658934128185
1184,2026,16,844,4.0,5.031982610481988,1.0319826104819878
1184,2026,16,846,9.0,4.928494234430342,4.071505765569658
1184,2026,16,847,20.0,5.349813937348054,14.650186062651946
1184,2026,16,848,21.0,15.866068972552586,5.133931027447414
1184,2026,16,857,6.0,6.5316405992365585,0.5316405992365585
1184,2026,16,859,7.0,9.47943665400955,2.4794366540095503
1184,2026,16,860,14.0,14.59427572624019,0.5942757262401894
1184,2026,16,861,13.0,11.968057280367724,1.0319427196322764
1184,2026,16,863,2.0,3.6717692705975233,1.6717692705975233
1184,2026,16,866,18.0,10.560740291587038,7.439259708412962
1184,2026,16,872,5.0,4.668798982694775,0.3312010173052249
1184,2026,16,876,10.0,11.552995529957048,1.5529955299570481
